command,expected,label,context_has_staged,context_has_unstaged,context_is_init,edit_distance,flag_delta,arg_delta
cd ..,git switch feature,UNKNOWN,0,0,1,16,0,-1
git add hello.txt,git add hello.txt,WRONG_CONTEXT_STATE,1,0,0,0,0,0
git log,git log --oneline,MISSING_ARG,0,0,1,10,-1,0
git branch,git branch feature,PARTIALLY_CORRECT,0,0,1,8,0,-1
git diff,git diff,WRONG_CONTEXT_STATE,1,0,0,0,0,0
git init --dry-run,git init,EXTRA_ARG,0,0,0,10,1,0
mkdir test,git log --oneline,UNKNOWN,0,0,1,15,-1,0
git switch feature,git switch feature,WRONG_CONTEXT_STATE,1,1,0,0,0,0
git push origin main,git status,WRONG_ORDER,0,1,1,15,0,2
echo hello,git status,UNKNOWN,0,1,1,10,0,0
git,git init,MISSING_ARG,0,0,0,5,0,0
git include hello.txt,git add hello.txt,WRONG_SUBCOMMAND,0,1,1,6,0,0
git branch=feature,git branch feature,SYNTAX_ERROR,0,0,1,1,0,-1
"git commit -m ""Add hello.txt""","git commit -m ""Add hello.txt""",CORRECT,1,0,1,0,0,0
git branch feature,git branch feature,SYNTAX_ERROR,0,0,1,0,0,0
git diff -v,git diff,WRONG_FLAG,0,1,1,3,1,0
git stash --verbose,git stash,EXTRA_ARG,0,1,1,10,1,0
git push origin main,git log --oneline,WRONG_ORDER,0,0,1,13,-1,2
git --log --oneline,git log --oneline,SYNTAX_ERROR,0,0,1,2,1,0
cd ..,git stash,UNKNOWN,0,1,1,8,0,0
rm -rf test,git switch feature,UNKNOWN,0,0,1,14,1,0
git changes,git diff,WRONG_SUBCOMMAND,0,1,1,7,0,0
git switch feature,git diff,WRONG_ORDER,0,1,1,12,0,1
git,git status,PARTIALLY_CORRECT,0,1,1,7,0,0
ls -la,git diff,UNKNOWN,0,1,1,7,1,0
git branch feature,git branch feature,CORRECT,0,0,1,0,0,0
git branch,git branch feature,MISSING_ARG,0,0,1,8,0,-1
git push origin main,git status,WRONG_ORDER,0,1,1,15,0,2
git status,git status,WRONG_CONTEXT_STATE,1,0,0,0,0,0
git merge main,git branch feature,WRONG_ORDER,0,0,1,12,0,0
gitaswitch feature,git switch feature,TYPO,0,0,1,1,0,-1
git stash save,git stash,DEPRECATED_USAGE,0,1,1,5,0,1
git loo --onelin,git log --oneline,TYPO,0,0,1,2,0,0
git init -v,git init,WRONG_FLAG,0,0,0,3,1,0
pwd,git stash,UNKNOWN,0,1,1,9,0,0
gitj stash,git stash,TYPO,0,1,1,1,0,0
gitgit status,git status,SYNTAX_ERROR,0,1,1,3,0,0
git switch feature,git switch feature,CORRECT,0,0,1,0,0,0
mkdir test,git log --oneline,UNKNOWN,0,0,1,15,-1,0
git branch,git branch feature,PARTIALLY_CORRECT,0,0,1,8,0,-1
git switch feature,git diff,WRONG_ORDER,0,1,1,12,0,1
"git commit -m ""Add lelo.txt""","git commit -m ""Add hello.txt""",TYPO,1,0,1,2,0,0
git add -u hello.txt,git add hello.txt,DEPRECATED_USAGE,0,1,1,3,1,0
git commit -m 'message',git stash,WRONG_ORDER,0,1,1,17,1,1
"git commit -m ""Add","git commit -m ""Add hello.txt""",MISSING_ARG,1,0,1,11,0,-1
git go feature,git switch feature,WRONG_SUBCOMMAND,0,0,1,6,0,0
git init --verbose,git init,EXTRA_ARG,0,0,0,10,1,0
git switch feature -f,git switch feature,WRONG_FLAG,0,0,1,3,1,0
git log,git log --oneline,MISSING_ARG,0,0,1,10,-1,0
"git cmmit -m ""Add hello.txt""","git commit -m ""Add hello.txt""",TYPO,1,0,1,1,0,0
git stash --verbose,git stash,EXTRA_ARG,0,1,1,10,1,0
cd ..,"git commit -m ""Add hello.txt""",UNKNOWN,1,0,1,25,-1,-2
git diff,git diff,CORRECT,0,1,1,0,0,0
gitstash,git stash,SYNTAX_ERROR,0,1,1,1,0,0
git log,git log --oneline,MISSING_ARG,0,0,1,10,-1,0
"git commit -m ""Add","git commit -m ""Add hello.txt""",MISSING_ARG,1,0,1,11,0,-1
git merge main,git branch feature,WRONG_ORDER,0,0,1,12,0,0
git push origin main,git init,WRONG_ORDER,0,0,0,13,0,2
git,git stash,MISSING_ARG,0,1,1,6,0,0
git stash --verbose,git stash,WRONG_FLAG,0,1,1,10,1,0
git init --verbose,git init,WRONG_FLAG,0,0,0,10,1,0
"gitcommit-m""Addhello.txt""","git commit -m ""Add hello.txt""",SYNTAX_ERROR,1,0,1,4,-1,-2
git estatui,git status,TYPO,0,1,1,2,0,0
$ git init,git init,SYNTAX_ERROR,0,0,0,2,0,1
git init,git init,CORRECT,0,0,0,0,0,0
git add -u hello.txt,git add hello.txt,DEPRECATED_USAGE,0,1,1,3,1,0
git diff HEAD,git diff,DEPRECATED_USAGE,0,1,1,5,0,1
git status,git status,CORRECT,0,1,1,0,0,0
git push origin main,git branch feature,WRONG_ORDER,0,0,1,16,0,1
gt init,git init,TYPO,0,0,0,1,0,0
git,git stash,MISSING_ARG,0,1,1,6,0,0
git commit -m 'message',git status,WRONG_ORDER,0,1,1,17,1,1
git switch feature,git switch feature,CORRECT,0,0,1,0,0,0
echo hello,"git commit -m ""Add hello.txt""",UNKNOWN,1,0,1,22,-1,-2
git diff,git diff,WRONG_CONTEXT_STATE,1,0,0,0,0,0
git checkout feature,git switch feature,DEPRECATED_USAGE,0,0,1,8,0,0
git diff --dry-run,git diff,EXTRA_ARG,0,1,1,10,1,0
git checkout feature,git switch feature,DEPRECATED_USAGE,0,0,1,8,0,0
git diff HEAD,git diff,DEPRECATED_USAGE,0,1,1,5,0,1
diff,git diff,PARTIALLY_CORRECT,0,1,1,4,0,0
git merge feature,git merge feature,CORRECT,0,0,1,0,0,0
git switch feature,git add hello.txt,WRONG_ORDER,0,1,1,13,0,0
git mrge feature,git merge feature,TYPO,0,0,1,1,0,0
git merge,git merge feature,MISSING_ARG,0,0,1,8,0,-1
git init -v,git init,WRONG_FLAG,0,0,0,3,1,0
echo hello,"git commit -m ""Add hello.txt""",UNKNOWN,1,0,1,22,-1,-2
git diff,git diff,WRONG_CONTEXT_STATE,1,0,0,0,0,0
git stash --dry-run,git stash,WRONG_FLAG,0,1,1,10,1,0
git diff HEAD,git diff,DEPRECATED_USAGE,0,1,1,5,0,1
gie inat,git init,TYPO,0,0,0,2,0,0
pwd,git status,UNKNOWN,0,1,1,10,0,0
git branch -b feature,git branch feature,DEPRECATED_USAGE,0,0,1,3,1,0
git,git init,MISSING_ARG,0,0,0,5,0,0
git,git init,PARTIALLY_CORRECT,0,0,0,5,0,0
git status -v,git status,WRONG_FLAG,0,1,1,3,1,0
init,git init,PARTIALLY_CORRECT,0,0,0,4,0,0
git branch feature --dry-run,git branch feature,EXTRA_ARG,0,0,1,10,1,0
git,git init,PARTIALLY_CORRECT,0,0,0,5,0,0
git diff,git diff,WRONG_CONTEXT_STATE,1,0,0,0,0,0
git status,git status,CORRECT,0,1,1,0,0,0
git diff -v,git diff,WRONG_FLAG,0,1,1,3,1,0
git init --verbose,git init,EXTRA_ARG,0,0,0,10,1,0
git dd hello.tt,git add hello.txt,TYPO,0,1,1,2,0,0
status,git status,PARTIALLY_CORRECT,0,1,1,4,0,0
git log,git log --oneline,PARTIALLY_CORRECT,0,0,1,10,-1,0
git new feature,git branch feature,WRONG_SUBCOMMAND,0,0,1,5,0,0
git commit -m 'message',git diff,WRONG_ORDER,0,1,1,18,1,1
git switch feature --force,git switch feature,EXTRA_ARG,0,0,1,8,1,0
git add hello.txt,git add hello.txt,SYNTAX_ERROR,0,1,1,0,0,0
git add,git add hello.txt,MISSING_ARG,0,1,1,10,0,-1
rm -rf test,git stash,UNKNOWN,0,1,1,9,1,1
git switch,git switch feature,PARTIALLY_CORRECT,0,0,1,8,0,-1
git join feature,git merge feature,WRONG_SUBCOMMAND,0,0,1,5,0,0
cd ..,git merge feature,UNKNOWN,0,0,1,16,0,-1
git switch,git switch feature,MISSING_ARG,0,0,1,8,0,-1
git branch feature,git branch feature,CORRECT,0,0,1,0,0,0
"git commit -m ""Add hello.txt""","git commit -m ""Add hello.txt""",CORRECT,1,0,1,0,0,0
git init --force,git init,EXTRA_ARG,0,0,0,8,1,0
git it,git init,TYPO,0,0,0,2,0,0
git branch feature,git branch feature,WRONG_CONTEXT_STATE,1,1,0,0,0,0
git push origin main,git stash,WRONG_ORDER,0,1,1,14,0,2
git merge --no-ff feature,git merge feature,DEPRECATED_USAGE,0,0,1,8,1,0
git lo --onqeline,git log --oneline,TYPO,0,0,1,2,0,0
gmt stash,git stash,TYPO,0,1,1,1,0,0
git,git status,MISSING_ARG,0,1,1,7,0,0
git diff,git diff,SYNTAX_ERROR,0,1,1,0,0,0
git commit --message 'Add hello.txt',"git commit -m ""Add hello.txt""",DEPRECATED_USAGE,1,0,1,9,0,0
git,git stash,MISSING_ARG,0,1,1,6,0,0
gitbranchfeature,git branch feature,SYNTAX_ERROR,0,0,1,2,0,-1
git add hello.txt --dry-run,git add hello.txt,EXTRA_ARG,0,1,1,10,1,0
git switch,git switch feature,MISSING_ARG,0,0,1,8,0,-1
git checkout feature,git switch feature,DEPRECATED_USAGE,0,0,1,8,0,0
git add hello.txt --verbose,git add hello.txt,WRONG_FLAG,0,1,1,10,1,0
git merge,git merge feature,MISSING_ARG,0,0,1,8,0,-1
python script.py,git log --oneline,UNKNOWN,0,0,1,14,-1,0
git switch feature,git init,WRONG_ORDER,0,0,0,12,0,1
git add -u hello.txt,git add hello.txt,DEPRECATED_USAGE,0,1,1,3,1,0
git switch feature,git switch feature,WRONG_CONTEXT_STATE,1,1,0,0,0,0
git push origin main,git init,WRONG_ORDER,0,0,0,13,0,2
git checkout feature,git switch feature,DEPRECATED_USAGE,0,0,1,8,0,0
git sta,git stash,PARTIALLY_CORRECT,0,1,1,2,0,0
git init .,git init,DEPRECATED_USAGE,0,0,0,2,0,1
"git commit -m ""Add hello.txt"" extra_file.txt","git commit -m ""Add hello.txt""",EXTRA_ARG,1,0,1,15,0,1
git show-log,git log --oneline,WRONG_SUBCOMMAND,0,0,1,11,-1,0
gtdiff,git diff,TYPO,0,1,1,2,0,0
git init -f,git init,WRONG_FLAG,0,0,0,3,1,0
"git commit -m ""Add hello.txt""","git commit -m ""Add hello.txt""",CORRECT,1,0,1,0,0,0
git branch feature,git switch feature,PARTIALLY_CORRECT,0,0,1,4,0,0
git show-diff,git diff,WRONG_SUBCOMMAND,0,1,1,5,0,0
git merge feature,git merge feature,WRONG_CONTEXT_STATE,1,1,0,0,0,0
gitinit,git init,SYNTAX_ERROR,0,0,0,1,0,0
git estash,git stash,TYPO,0,1,1,1,0,0
git merge main,git switch feature,WRONG_ORDER,0,0,1,12,0,0
ls -la,git stash,UNKNOWN,0,1,1,7,1,0
git push origin main,git add hello.txt,WRONG_ORDER,0,1,1,15,0,1
git branch -b feature,git branch feature,DEPRECATED_USAGE,0,0,1,3,1,0
git stage hello.txt,git add hello.txt,WRONG_SUBCOMMAND,0,1,1,4,0,0
mkdir test,git stash,UNKNOWN,0,1,1,7,0,0
git merge feature,git merge feature,CORRECT,0,0,1,0,0,0
git branch feature -f,git branch feature,WRONG_FLAG,0,0,1,3,1,0
git,git init,MISSING_ARG,0,0,0,5,0,0
git status,git status,WRONG_CONTEXT_STATE,1,0,0,0,0,0
git log,git log --oneline,MISSING_ARG,0,0,1,10,-1,0
npm install,git add hello.txt,UNKNOWN,0,1,1,14,0,-1
git log --oneline,git log --oneline,WRONG_CONTEXT_STATE,1,1,0,0,0,0
git ulo --oneline,git log --oneline,TYPO,0,0,1,2,0,0
git,git diff,MISSING_ARG,0,1,1,5,0,0
git branch -b feature,git branch feature,DEPRECATED_USAGE,0,0,1,3,1,0
git diff,git diff,WRONG_CONTEXT_STATE,1,0,0,0,0,0
gitlog--oneline,git log --oneline,SYNTAX_ERROR,0,0,1,2,-1,0
git diff,git diff,WRONG_CONTEXT_STATE,1,0,0,0,0,0
git changes,git diff,WRONG_SUBCOMMAND,0,1,1,7,0,0
git switch feature -v,git switch feature,WRONG_FLAG,0,0,1,3,1,0
git sta,git stash,PARTIALLY_CORRECT,0,1,1,2,0,0
git stash save,git stash,DEPRECATED_USAGE,0,1,1,5,0,1
git --log --oneline,git log --oneline,SYNTAX_ERROR,0,0,1,2,1,0
git add .txt,git add hello.txt,PARTIALLY_CORRECT,0,1,1,5,0,0
git add,git add hello.txt,MISSING_ARG,0,1,1,10,0,-1
git add,git add hello.txt,MISSING_ARG,0,1,1,10,0,-1
git add hello.txt,git add hello.txt,CORRECT,0,1,1,0,0,0
npm install,git stash,UNKNOWN,0,1,1,7,0,0
ls -la,git init,UNKNOWN,0,0,0,7,1,0
pip install requests,git add hello.txt,UNKNOWN,0,1,1,15,0,0
gitmergefeature,git merge feature,SYNTAX_ERROR,0,0,1,2,0,-1
git branch feare,git branch feature,TYPO,0,0,1,2,0,0
git log --oneline,git log --oneline,WRONG_CONTEXT_STATE,1,1,0,0,0,0
git init,git init,WRONG_CONTEXT_STATE,1,1,1,0,0,0
git changes,git diff,WRONG_SUBCOMMAND,0,1,1,7,0,0
python script.py,git diff,UNKNOWN,0,1,1,13,0,0
git stash,git stash,WRONG_CONTEXT_STATE,1,0,0,0,0,0
git hswitch feature,git switch feature,TYPO,0,0,1,1,0,0
git switch feature,git status,WRONG_ORDER,0,1,1,9,0,1
giht status,git status,TYPO,0,1,1,1,0,0
python script.py,git init,UNKNOWN,0,0,0,12,0,0
git add,git add hello.txt,MISSING_ARG,0,1,1,10,0,-1
git branch -b feature,git branch feature,DEPRECATED_USAGE,0,0,1,3,1,0
git status -f,git status,WRONG_FLAG,0,1,1,3,1,0
git,git status,MISSING_ARG,0,1,1,7,0,0
ls -la,git merge feature,UNKNOWN,0,0,1,15,1,-1
git branch feature,git switch feature,PARTIALLY_CORRECT,0,0,1,4,0,0
git init,git init,CORRECT,0,0,0,0,0,0
rm -rf test,git add hello.txt,UNKNOWN,0,1,1,13,1,0
git push origin main,git merge feature,WRONG_ORDER,0,0,1,15,0,1
git show-diff,git diff,WRONG_SUBCOMMAND,0,1,1,5,0,0
"git commit -m ""Add hello.txt""","git commit -m ""Add hello.txt""",CORRECT,1,0,1,0,0,0
git merge feature -f,git merge feature,WRONG_FLAG,0,0,1,3,1,0
git add hello.txt,git add hello.txt,SYNTAX_ERROR,0,1,1,0,0,0
git add .txt,git add hello.txt,PARTIALLY_CORRECT,0,1,1,5,0,0
gitgit branch feature,git branch feature,SYNTAX_ERROR,0,0,1,3,0,0
git switch feature extra_file.txt,git switch feature,EXTRA_ARG,0,0,1,15,0,1
git,git stash,MISSING_ARG,0,1,1,6,0,0
git status,git status,SYNTAX_ERROR,0,1,1,0,0,0
pwd,git log --oneline,UNKNOWN,0,0,1,17,-1,0
git switch feature,git stash,WRONG_ORDER,0,1,1,11,0,1
"git commit -m ""Add","git commit -m ""Add hello.txt""",MISSING_ARG,1,0,1,11,0,-1
git status --verbose,git status,WRONG_FLAG,0,1,1,10,1,0
git stats,git status,TYPO,0,1,1,1,0,0
git,git stash,MISSING_ARG,0,1,1,6,0,0
git stash,git stash,WRONG_CONTEXT_STATE,1,0,0,0,0,0
"git commit -m ""Add hello.txt"" --all","git commit -m ""Add hello.txt""",EXTRA_ARG,1,0,1,6,1,0
git log,git log --oneline,PARTIALLY_CORRECT,0,0,1,10,-1,0
"git commit -m ""Add hello.txt""","git commit -m ""Add hello.txt""",WRONG_CONTEXT_STATE,0,1,0,0,0,0
git status -v,git status,WRONG_FLAG,0,1,1,3,1,0
git add hello.txt,git add hello.txt,CORRECT,0,1,1,0,0,0
git branch feature,git branch feature,WRONG_CONTEXT_STATE,1,1,0,0,0,0
git diff -f,git diff,WRONG_FLAG,0,1,1,3,1,0
$ git switch feature,git switch feature,SYNTAX_ERROR,0,0,1,2,0,1
git,git init,MISSING_ARG,0,0,0,5,0,0
git branch,git branch feature,MISSING_ARG,0,0,1,8,0,-1
git,git init,MISSING_ARG,0,0,0,5,0,0
git push origin main,git diff,WRONG_ORDER,0,1,1,15,0,2
git track hello.txt,git add hello.txt,WRONG_SUBCOMMAND,0,1,1,4,0,0
git add,git add hello.txt,MISSING_ARG,0,1,1,10,0,-1
git lg --oneline,git log --oneline,TYPO,0,0,1,1,0,0
"git commit -w ""Add hello.txt""","git commit -m ""Add hello.txt""",WRONG_FLAG,1,0,1,1,0,0
git status --all,git status,EXTRA_ARG,0,1,1,6,1,0
git status,git status,WRONG_CONTEXT_STATE,1,0,0,0,0,0
git log --oneline,git log --oneline,CORRECT,0,0,1,0,0,0
"git commit -w ""Add hello.txt""","git commit -m ""Add hello.txt""",WRONG_FLAG,1,0,1,1,0,0
git log --pretty=oneline,git log --oneline,DEPRECATED_USAGE,0,0,1,7,0,0
init,git init,PARTIALLY_CORRECT,0,0,0,4,0,0
git merge main,"git commit -m ""Add hello.txt""",WRONG_ORDER,1,0,1,23,-1,-1
git merge,git merge feature,MISSING_ARG,0,0,1,8,0,-1
git merge feature --verbose,git merge feature,WRONG_FLAG,0,0,1,10,1,0
git log --pretty=oneline,git log --oneline,DEPRECATED_USAGE,0,0,1,7,0,0
git switch,git switch feature,PARTIALLY_CORRECT,0,0,1,8,0,-1
git status --dry-run,git status,WRONG_FLAG,0,1,1,10,1,0
giustatus,git status,TYPO,0,1,1,2,0,0
ls -la,git status,UNKNOWN,0,1,1,8,1,0
git commit -m,"git commit -m ""Add hello.txt""",PARTIALLY_CORRECT,1,0,1,16,0,-2
"git --commit -m ""Add hello.txt""","git commit -m ""Add hello.txt""",SYNTAX_ERROR,1,0,1,2,1,0
git add hello.txt -f,git add hello.txt,WRONG_FLAG,0,1,1,3,1,0
git stat,git status,WRONG_SUBCOMMAND,0,1,1,2,0,0
git switch feature,git branch feature,WRONG_ORDER,0,0,1,4,0,0
git merge --no-ff feature,git merge feature,DEPRECATED_USAGE,0,0,1,8,1,0
git statgs,git status,TYPO,0,1,1,1,0,0
git branch feature,git branch feature,CORRECT,0,0,1,0,0,0
git init,git init,WRONG_CONTEXT_STATE,1,1,1,0,0,0
git logg--oneline,git log --oneline,TYPO,0,0,1,1,-1,0
git merge --no-ff feature,git merge feature,DEPRECATED_USAGE,0,0,1,8,1,0
git,git status,MISSING_ARG,0,1,1,7,0,0
git,git diff,MISSING_ARG,0,1,1,5,0,0
git diff,git diff,CORRECT,0,1,1,0,0,0
git difj,git diff,TYPO,0,1,1,1,0,0
cat hello.txt,git merge feature,UNKNOWN,0,0,1,13,0,-1
git merge,git merge feature,MISSING_ARG,0,0,1,8,0,-1
git --stash,git stash,SYNTAX_ERROR,0,1,1,2,1,0
git switch=feature,git switch feature,SYNTAX_ERROR,0,0,1,1,0,-1
git changes,git diff,WRONG_SUBCOMMAND,0,1,1,7,0,0
git add hello.txt --dry-run,git add hello.txt,WRONG_FLAG,0,1,1,10,1,0
git merge --no-ff feature,git merge feature,DEPRECATED_USAGE,0,0,1,8,1,0
git status -s,git status,DEPRECATED_USAGE,0,1,1,3,1,0
git add .txt,git add hello.txt,PARTIALLY_CORRECT,0,1,1,5,0,0
gjt switch feature,git switch feature,TYPO,0,0,1,1,0,0
git init .,git init,DEPRECATED_USAGE,0,0,0,2,0,1
git merge feature,git merge feature,CORRECT,0,0,1,0,0,0
git adcd hello.tgxt,git add hello.txt,TYPO,0,1,1,2,0,0
git branch feature,git branch feature,SYNTAX_ERROR,0,0,1,0,0,0
git switch,git switch feature,MISSING_ARG,0,0,1,8,0,-1
"git commit -m ""Add hzllo.xt""","git commit -m ""Add hello.txt""",TYPO,1,0,1,2,0,0
git log,git log --oneline,PARTIALLY_CORRECT,0,0,1,10,-1,0
"git commit -m ""Add hello.txt""","git commit -m ""Add hello.txt""",WRONG_CONTEXT_STATE,0,1,0,0,0,0
npm install,git switch feature,UNKNOWN,0,0,1,15,0,-1
gi init,git init,TYPO,0,0,0,1,0,0
git commit --message 'Add hello.txt',"git commit -m ""Add hello.txt""",DEPRECATED_USAGE,1,0,1,9,0,0
git add=hello.txt,git add hello.txt,SYNTAX_ERROR,0,1,1,1,0,-1
git init,git init,CORRECT,0,0,0,0,0,0
git new feature,git branch feature,WRONG_SUBCOMMAND,0,0,1,5,0,0
git merge feature --verbose,git merge feature,WRONG_FLAG,0,0,1,10,1,0
git log --oneline extra_file.txt,git log --oneline,EXTRA_ARG,0,0,1,15,0,1
git --diff,git diff,SYNTAX_ERROR,0,1,1,2,1,0
gitaddhello.txt,git add hello.txt,SYNTAX_ERROR,0,1,1,2,0,-1
git log --oneline,git log --oneline,WRONG_CONTEXT_STATE,1,1,0,0,0,0
git add hyllo.txt,git add hello.txt,TYPO,0,1,1,1,0,0
git branch feature,git switch feature,PARTIALLY_CORRECT,0,0,1,4,0,0
git switch feature,git switch feature,WRONG_CONTEXT_STATE,1,1,0,0,0,0
git branch -m feature,git merge feature,PARTIALLY_CORRECT,0,0,1,9,1,0
git switch feature,git switch feature,CORRECT,0,0,1,0,0,0
git diff HEAD,git diff,DEPRECATED_USAGE,0,1,1,5,0,1
git merge feature --verbose,git merge feature,EXTRA_ARG,0,0,1,10,1,0
git add -u hello.txt,git add hello.txt,DEPRECATED_USAGE,0,1,1,3,1,0
gitgit stash,git stash,SYNTAX_ERROR,0,1,1,3,0,0
git init .,git init,DEPRECATED_USAGE,0,0,0,2,0,1
"git commit -m ""Add hello.txt"" -v","git commit -m ""Add hello.txt""",EXTRA_ARG,1,0,1,3,1,0
git log --oneline extra_file.txt,git log --oneline,EXTRA_ARG,0,0,1,15,0,1
git dd hello.txt,git add hello.txt,TYPO,0,1,1,1,0,0
gitinit,git init,SYNTAX_ERROR,0,0,0,1,0,0
git stash extra_file.txt,git stash,EXTRA_ARG,0,1,1,15,0,1
git,git stash,MISSING_ARG,0,1,1,6,0,0
git status -f,git status,WRONG_FLAG,0,1,1,3,1,0
git branch feature -v,git branch feature,WRONG_FLAG,0,0,1,3,1,0
git history,git log --oneline,WRONG_SUBCOMMAND,0,0,1,12,-1,0
git log,git log --oneline,MISSING_ARG,0,0,1,10,-1,0
git add helo.tzxt,git add hello.txt,TYPO,0,1,1,2,0,0
git init --all,git init,EXTRA_ARG,0,0,0,6,1,0
rm -rf test,git merge feature,UNKNOWN,0,0,1,12,1,0
git branch,git branch feature,PARTIALLY_CORRECT,0,0,1,8,0,-1
git diff,git diff,CORRECT,0,1,1,0,0,0
git mrge feature,git merge feature,TYPO,0,0,1,1,0,0
git go feature,git switch feature,WRONG_SUBCOMMAND,0,0,1,6,0,0
gitbranchfeature,git branch feature,SYNTAX_ERROR,0,0,1,2,0,-1
git log --pretty=oneline,git log --oneline,DEPRECATED_USAGE,0,0,1,7,0,0
ls -la,git init,UNKNOWN,0,0,0,7,1,0
git push origin main,git add hello.txt,WRONG_ORDER,0,1,1,15,0,1
git track hello.txt,git add hello.txt,WRONG_SUBCOMMAND,0,1,1,4,0,0
git add .txt,git add hello.txt,PARTIALLY_CORRECT,0,1,1,5,0,0
git --merge feature,git merge feature,SYNTAX_ERROR,0,0,1,2,1,0
git stash --dry-run,git stash,WRONG_FLAG,0,1,1,10,1,0
git merge feature,git merge feature,CORRECT,0,0,1,0,0,0
git switch feature,git switch feature,WRONG_CONTEXT_STATE,1,1,0,0,0,0
git status --dry-run,git status,EXTRA_ARG,0,1,1,10,1,0
git status -s,git status,DEPRECATED_USAGE,0,1,1,3,1,0
pwd,git branch feature,UNKNOWN,0,0,1,18,0,-1
git --status,git status,SYNTAX_ERROR,0,1,1,2,1,0
git stash,git stash,SYNTAX_ERROR,0,1,1,0,0,0
git push,"git commit -m ""Add hello.txt""",WRONG_SUBCOMMAND,1,0,1,24,-1,-2
git commit --message 'Add hello.txt',"git commit -m ""Add hello.txt""",DEPRECATED_USAGE,1,0,1,9,0,0
git branch,git branch feature,MISSING_ARG,0,0,1,8,0,-1
gie switchhfeature,git switch feature,TYPO,0,0,1,2,0,-1
git --log --oneline,git log --oneline,SYNTAX_ERROR,0,0,1,2,1,0
git switch feature,git switch feature,CORRECT,0,0,1,0,0,0
git status -v,git status,WRONG_FLAG,0,1,1,3,1,0
git branch feature --verbose,git branch feature,EXTRA_ARG,0,0,1,10,1,0
git merge feature,git merge feature,WRONG_CONTEXT_STATE,1,1,0,0,0,0
git init .,git init,DEPRECATED_USAGE,0,0,0,2,0,1
git stash,git stash,CORRECT,0,1,1,0,0,0
git switch feature extra_file.txt,git switch feature,EXTRA_ARG,0,0,1,15,0,1
git switch feature -v,git switch feature,EXTRA_ARG,0,0,1,3,1,0
git init,git init,SYNTAX_ERROR,0,0,0,0,0,0
pip install requests,git diff,UNKNOWN,0,1,1,17,0,1
gitlog--oneline,git log --oneline,SYNTAX_ERROR,0,0,1,2,-1,0
git sta,git stash,PARTIALLY_CORRECT,0,1,1,2,0,0
git add,git add hello.txt,PARTIALLY_CORRECT,0,1,1,10,0,-1
git status -s,git status,DEPRECATED_USAGE,0,1,1,3,1,0
git start,git init,WRONG_SUBCOMMAND,0,0,0,4,0,0
git add hello.txt extra_file.txt,git add hello.txt,EXTRA_ARG,0,1,1,15,0,1
git init,git init,SYNTAX_ERROR,0,0,0,0,0,0
git merge main,git log --oneline,WRONG_ORDER,0,0,1,11,-1,1
git pull feature,git merge feature,WRONG_SUBCOMMAND,0,0,1,5,0,0
git merge main,git diff,WRONG_ORDER,0,1,1,10,0,1
python script.py,git add hello.txt,UNKNOWN,0,1,1,15,0,-1
git --diff,git diff,SYNTAX_ERROR,0,1,1,2,1,0
git add hello.txt extra_file.txt,git add hello.txt,EXTRA_ARG,0,1,1,15,0,1
git hide,git stash,WRONG_SUBCOMMAND,0,1,1,5,0,0
git,git init,PARTIALLY_CORRECT,0,0,0,5,0,0
git diff,git diff,CORRECT,0,1,1,0,0,0
git diff,git diff,SYNTAX_ERROR,0,1,1,0,0,0
git stash -f,git stash,WRONG_FLAG,0,1,1,3,1,0
git init,git init,CORRECT,0,0,0,0,0,0
git add hello.txt -v,git add hello.txt,WRONG_FLAG,0,1,1,3,1,0
git diff,git diff,WRONG_CONTEXT_STATE,1,0,0,0,0,0
git log,git log --oneline,PARTIALLY_CORRECT,0,0,1,10,-1,0
git diff,git diff,WRONG_CONTEXT_STATE,1,0,0,0,0,0
git init,git init,CORRECT,0,0,0,0,0,0
gitgit log --oneline,git log --oneline,SYNTAX_ERROR,0,0,1,3,0,0
git,git status,PARTIALLY_CORRECT,0,1,1,7,0,0
git,git init,MISSING_ARG,0,0,0,5,0,0
git commits,git log --oneline,WRONG_SUBCOMMAND,0,0,1,11,-1,0
git switch feature --verbose,git switch feature,WRONG_FLAG,0,0,1,10,1,0
"git commit -m""Add hello.txt","git commit -m ""Add hello.txt""",TYPO,1,0,1,2,0,-1
pwd,git add hello.txt,UNKNOWN,0,1,1,16,0,-1
pip install requests,git stash,UNKNOWN,0,1,1,14,0,1
git,git status,MISSING_ARG,0,1,1,7,0,0
git init .,git init,DEPRECATED_USAGE,0,0,0,2,0,1
git add hello.txt extra_file.txt,git add hello.txt,EXTRA_ARG,0,1,1,15,0,1
git pull feature,git merge feature,WRONG_SUBCOMMAND,0,0,1,5,0,0
status,git status,PARTIALLY_CORRECT,0,1,1,4,0,0
git --log --oneline,git log --oneline,SYNTAX_ERROR,0,0,1,2,1,0
diff,git diff,PARTIALLY_CORRECT,0,1,1,4,0,0
git branlh feature,git branch feature,TYPO,0,0,1,1,0,0
git push origin main,git stash,WRONG_ORDER,0,1,1,14,0,2
git add hello.txt,git add hello.txt,CORRECT,0,1,1,0,0,0
git log --oneline,git log --oneline,WRONG_CONTEXT_STATE,1,1,0,0,0,0
cd ..,git merge feature,UNKNOWN,0,0,1,16,0,-1
git log,git log --oneline,PARTIALLY_CORRECT,0,0,1,10,-1,0
pip install requests,git branch feature,UNKNOWN,0,0,1,16,0,0
$ git init,git init,SYNTAX_ERROR,0,0,0,2,0,1
git status -f,git status,WRONG_FLAG,0,1,1,3,1,0
python script.py,git branch feature,UNKNOWN,0,0,1,15,0,-1
git,git stash,MISSING_ARG,0,1,1,6,0,0
git commit --message 'Add hello.txt',"git commit -m ""Add hello.txt""",DEPRECATED_USAGE,1,0,1,9,0,0
git log -F,git log --oneline,WRONG_FLAG,0,0,1,8,0,0
git stash,git stash,WRONG_CONTEXT_STATE,1,0,0,0,0,0
"git commit -m ""Add hello.txt""","git commit -m ""Add hello.txt""",WRONG_CONTEXT_STATE,0,1,0,0,0,0
git move feature,git switch feature,WRONG_SUBCOMMAND,0,0,1,6,0,0
git merge feature -f,git merge feature,WRONG_FLAG,0,0,1,3,1,0
"git commit -m ""Add","git commit -m ""Add hello.txt""",MISSING_ARG,1,0,1,11,0,-1
git stash,git stash,WRONG_CONTEXT_STATE,1,0,0,0,0,0
git log --oneline,git log --oneline,CORRECT,0,0,1,0,0,0
git stash extra_file.txt,git stash,EXTRA_ARG,0,1,1,15,0,1
git status -s,git status,DEPRECATED_USAGE,0,1,1,3,1,0
git log --pretty=oneline,git log --oneline,DEPRECATED_USAGE,0,0,1,7,0,0
git merge --no-ff feature,git merge feature,DEPRECATED_USAGE,0,0,1,8,1,0
git push origin main,git status,WRONG_ORDER,0,1,1,15,0,2
git commit -m 'message',git switch feature,WRONG_ORDER,0,0,1,14,1,0
git push origin main,git status,WRONG_ORDER,0,1,1,15,0,2
git add hello.txt -v,git add hello.txt,WRONG_FLAG,0,1,1,3,1,0
git stash,git stash,WRONG_CONTEXT_STATE,1,0,0,0,0,0
git merge main,git diff,WRONG_ORDER,0,1,1,10,0,1
git add .txt,git add hello.txt,PARTIALLY_CORRECT,0,1,1,5,0,0
git initialize,git init,WRONG_SUBCOMMAND,0,0,0,6,0,0
git,git diff,MISSING_ARG,0,1,1,5,0,0
pwd,git switch feature,UNKNOWN,0,0,1,17,0,-1
git show-log,git log --oneline,WRONG_SUBCOMMAND,0,0,1,11,-1,0
git merge feature -v,git merge feature,EXTRA_ARG,0,0,1,3,1,0
git,git diff,MISSING_ARG,0,1,1,5,0,0
git ldiff,git diff,TYPO,0,1,1,1,0,0
"git commit -m ""Add","git commit -m ""Add hello.txt""",MISSING_ARG,1,0,1,11,0,-1
git merge feature --verbose,git merge feature,WRONG_FLAG,0,0,1,10,1,0
git merge main,"git commit -m ""Add hello.txt""",WRONG_ORDER,1,0,1,23,-1,-1
git merge -ejature,git merge feature,TYPO,0,0,1,2,1,-1
git init --dry-run,git init,EXTRA_ARG,0,0,0,10,1,0
git push origin main,git branch feature,WRONG_ORDER,0,0,1,16,0,1
git diff HEAD,git diff,DEPRECATED_USAGE,0,1,1,5,0,1
git merge main,git merge feature,WRONG_ORDER,0,0,1,6,0,0
git new feature,git branch feature,WRONG_SUBCOMMAND,0,0,1,5,0,0
pwd,"git commit -m ""Add hello.txt""",UNKNOWN,1,0,1,28,-1,-2
cd ..,git add hello.txt,UNKNOWN,0,1,1,14,0,-1
git log --oneline --all,git log --oneline,EXTRA_ARG,0,0,1,6,1,0
git status,git status,WRONG_CONTEXT_STATE,1,0,0,0,0,0
git statu_,git status,TYPO,0,1,1,1,0,0
git add -u hello.txt,git add hello.txt,DEPRECATED_USAGE,0,1,1,3,1,0
git commit -m,"git commit -m ""Add hello.txt""",PARTIALLY_CORRECT,1,0,1,16,0,-2
git ilf,git diff,TYPO,0,1,1,2,0,0
pip install requests,git add hello.txt,UNKNOWN,0,1,1,15,0,0
git diff --all,git diff,EXTRA_ARG,0,1,1,6,1,0
git commit -m 'message',git add hello.txt,WRONG_ORDER,0,1,1,18,1,0
git merge featuge,git merge feature,TYPO,0,0,1,1,0,0
git branch,git branch feature,PARTIALLY_CORRECT,0,0,1,8,0,-1
git status,git status,CORRECT,0,1,1,0,0,0
mkdir test,git switch feature,UNKNOWN,0,0,1,14,0,-1
git add hello.txt,git add hello.txt,WRONG_CONTEXT_STATE,1,0,0,0,0,0
gitgit switch feature,git switch feature,SYNTAX_ERROR,0,0,1,3,0,0
$ git status,git status,SYNTAX_ERROR,0,1,1,2,0,1
git log --oneline extra_file.txt,git log --oneline,EXTRA_ARG,0,0,1,15,0,1
git status --all,git status,EXTRA_ARG,0,1,1,6,1,0
status,git status,PARTIALLY_CORRECT,0,1,1,4,0,0
git add hello.txt,git add hello.txt,CORRECT,0,1,1,0,0,0
git log=--oneline,git log --oneline,SYNTAX_ERROR,0,0,1,1,-1,0
git merge main,git branch feature,WRONG_ORDER,0,0,1,12,0,0
git status,git status,SYNTAX_ERROR,0,1,1,0,0,0
git merge,git merge feature,PARTIALLY_CORRECT,0,0,1,8,0,-1
git status,git status,WRONG_CONTEXT_STATE,1,0,0,0,0,0
git,git init,MISSING_ARG,0,0,0,5,0,0
git merge feature,git merge feature,CORRECT,0,0,1,0,0,0
gct abdd hello.txt,git add hello.txt,TYPO,0,1,1,2,0,0
git stash --force,git stash,EXTRA_ARG,0,1,1,8,1,0
git diff,git diff,WRONG_CONTEXT_STATE,1,0,0,0,0,0
git status -s,git status,DEPRECATED_USAGE,0,1,1,3,1,0
git merge main,git init,WRONG_ORDER,0,0,0,9,0,1
git init --all,git init,EXTRA_ARG,0,0,0,6,1,0
git status,git status,CORRECT,0,1,1,0,0,0
git branch feature --dry-run,git branch feature,WRONG_FLAG,0,0,1,10,1,0
git branch feature,git branch feature,WRONG_CONTEXT_STATE,1,1,0,0,0,0
git status,git status,CORRECT,0,1,1,0,0,0
git add hello.txt,git add hello.txt,CORRECT,0,1,1,0,0,0
git add hello.txt,git add hello.txt,WRONG_CONTEXT_STATE,1,0,0,0,0,0
git merge --no-ff feature,git merge feature,DEPRECATED_USAGE,0,0,1,8,1,0
git disff,git diff,TYPO,0,1,1,1,0,0
git branch -b feature,git branch feature,DEPRECATED_USAGE,0,0,1,3,1,0
git stawh,git stash,TYPO,0,1,1,1,0,0
git status,git status,CORRECT,0,1,1,0,0,0
gitlstsh,git stash,TYPO,0,1,1,2,0,0
mkdir test,git switch feature,UNKNOWN,0,0,1,14,0,-1
git stash -v,git stash,WRONG_FLAG,0,1,1,3,1,0
git checkout feature,git switch feature,DEPRECATED_USAGE,0,0,1,8,0,0
git init,git init,CORRECT,0,0,0,0,0,0
"git commit -m ""Add hello.txt""","git commit -m ""Add hello.txt""",CORRECT,1,0,1,0,0,0
git add,git add hello.txt,MISSING_ARG,0,1,1,10,0,-1
git merge feature -v,git merge feature,EXTRA_ARG,0,0,1,3,1,0
git merge,git merge feature,PARTIALLY_CORRECT,0,0,1,8,0,-1
git status -s,git status,DEPRECATED_USAGE,0,1,1,3,1,0
"git commit=-m=""Add=hello.txt""","git commit -m ""Add hello.txt""",SYNTAX_ERROR,1,0,1,3,-1,-2
cd ..,"git commit -m ""Add hello.txt""",UNKNOWN,1,0,1,25,-1,-2
giq init,git init,TYPO,0,0,0,1,0,0
githini,git init,TYPO,0,0,0,2,0,0
gitstash,git stash,SYNTAX_ERROR,0,1,1,1,0,0
pip install requests,git status,UNKNOWN,0,1,1,13,0,1
gitmergefeature,git merge feature,SYNTAX_ERROR,0,0,1,2,0,-1
git init .,git init,DEPRECATED_USAGE,0,0,0,2,0,1
git stash save,git stash,DEPRECATED_USAGE,0,1,1,5,0,1
git log --onelitne,git log --oneline,TYPO,0,0,1,1,0,0
git status,git status,CORRECT,0,1,1,0,0,0
"git commit -m ""Add","git commit -m ""Add hello.txt""",MISSING_ARG,1,0,1,11,0,-1
git,git init,MISSING_ARG,0,0,0,5,0,0
gitswitchfeature,git switch feature,SYNTAX_ERROR,0,0,1,2,0,-1
git status,git status,SYNTAX_ERROR,0,1,1,0,0,0
git add,git add hello.txt,MISSING_ARG,0,1,1,10,0,-1
git,git init,MISSING_ARG,0,0,0,5,0,0
git stage hello.txt,git add hello.txt,WRONG_SUBCOMMAND,0,1,1,4,0,0
git,git diff,MISSING_ARG,0,1,1,5,0,0
git commit -m 'message',"git commit -m ""Add hello.txt""",WRONG_ORDER,1,0,1,14,0,-1
git jdifr,git diff,TYPO,0,1,1,2,0,0
git save,"git commit -m ""Add hello.txt""",WRONG_SUBCOMMAND,1,0,1,24,-1,-2
git diff,git diff,CORRECT,0,1,1,0,0,0
git log --pretty=oneline,git log --oneline,DEPRECATED_USAGE,0,0,1,7,0,0
diff,git diff,PARTIALLY_CORRECT,0,1,1,4,0,0
git diff HEAD,git diff,DEPRECATED_USAGE,0,1,1,5,0,1
"git commit -m ""Add","git commit -m ""Add hello.txt""",MISSING_ARG,1,0,1,11,0,-1
git branch feature --force,git branch feature,EXTRA_ARG,0,0,1,8,1,0
git shelve,git stash,WRONG_SUBCOMMAND,0,1,1,5,0,0
git stash -f,git stash,WRONG_FLAG,0,1,1,3,1,0
git branch aeature,git branch feature,TYPO,0,0,1,1,0,0
git merge main,git switch feature,WRONG_ORDER,0,0,1,12,0,0
git log --pretty=oneline,git log --oneline,DEPRECATED_USAGE,0,0,1,7,0,0
gitswitchfeature,git switch feature,SYNTAX_ERROR,0,0,1,2,0,-1
diff,git diff,PARTIALLY_CORRECT,0,1,1,4,0,0
git branch -b feature,git branch feature,DEPRECATED_USAGE,0,0,1,3,1,0
npm install,git switch feature,UNKNOWN,0,0,1,15,0,-1
git add,git add hello.txt,PARTIALLY_CORRECT,0,1,1,10,0,-1
git add,git add hello.txt,PARTIALLY_CORRECT,0,1,1,10,0,-1
git log,git log --oneline,MISSING_ARG,0,0,1,10,-1,0
git --branch feature,git branch feature,SYNTAX_ERROR,0,0,1,2,1,0
git commit -m 'message',git merge feature,WRONG_ORDER,0,0,1,15,1,0
git stash --dry-run,git stash,WRONG_FLAG,0,1,1,10,1,0
$ git merge feature,git merge feature,SYNTAX_ERROR,0,0,1,2,0,1
git itir,git init,TYPO,0,0,0,2,0,0
git switchj feavure,git switch feature,TYPO,0,0,1,2,0,0
git --stash,git stash,SYNTAX_ERROR,0,1,1,2,1,0
git commit -m 'message',git switch feature,WRONG_ORDER,0,0,1,14,1,0
git commit,"git commit -m ""Add hello.txt""",PARTIALLY_CORRECT,1,0,1,19,-1,-2
ls -la,git log --oneline,UNKNOWN,0,0,1,13,0,0
git ntatuc,git status,TYPO,0,1,1,2,0,0
git merge=feature,git merge feature,SYNTAX_ERROR,0,0,1,1,0,-1
"git commit -m ""Add hello.txt"" -v","git commit -m ""Add hello.txt""",EXTRA_ARG,1,0,1,3,1,0
gitgit stash,git stash,SYNTAX_ERROR,0,1,1,3,0,0
pwd,git init,UNKNOWN,0,0,0,8,0,0
git stash save,git stash,DEPRECATED_USAGE,0,1,1,5,0,1
cat hello.txt,git merge feature,UNKNOWN,0,0,1,13,0,-1
git log -F,git log --oneline,WRONG_FLAG,0,0,1,8,0,0
git merge main,git add hello.txt,WRONG_ORDER,0,1,1,12,0,0
cat hello.txt,git log --oneline,UNKNOWN,0,0,1,14,-1,0
git log --onueline,git log --oneline,TYPO,0,0,1,1,0,0
npm install,git branch feature,UNKNOWN,0,0,1,15,0,-1
git switch=feature,git switch feature,SYNTAX_ERROR,0,0,1,1,0,-1
"git commit -w ""Add hello.txt""","git commit -m ""Add hello.txt""",WRONG_FLAG,1,0,1,1,0,0
git save-work,git stash,WRONG_SUBCOMMAND,0,1,1,8,0,0
git status --verbose,git status,WRONG_FLAG,0,1,1,10,1,0
git log,git log --oneline,PARTIALLY_CORRECT,0,0,1,10,-1,0
pip install requests,git log --oneline,UNKNOWN,0,0,1,17,-1,1
git stash,git stash,CORRECT,0,1,1,0,0,0
python script.py,git merge feature,UNKNOWN,0,0,1,15,0,-1
git commit -m 'message',"git commit -m ""Add hello.txt""",WRONG_ORDER,1,0,1,14,0,-1
cd ..,git branch feature,UNKNOWN,0,0,1,16,0,-1
git diff,git diff,WRONG_CONTEXT_STATE,1,0,0,0,0,0
gits mrge feature,git merge feature,TYPO,0,0,1,2,0,0
git log --oneline --verbose,git log --oneline,EXTRA_ARG,0,0,1,10,1,0
git sta,git stash,PARTIALLY_CORRECT,0,1,1,2,0,0
git switch feature,git log --oneline,WRONG_ORDER,0,0,1,12,-1,1
git add hello.txt --force,git add hello.txt,EXTRA_ARG,0,1,1,8,1,0
git diff --dry-run,git diff,EXTRA_ARG,0,1,1,10,1,0
git sta,git stash,PARTIALLY_CORRECT,0,1,1,2,0,0
$ git status,git status,SYNTAX_ERROR,0,1,1,2,0,1
git switch=feature,git switch feature,SYNTAX_ERROR,0,0,1,1,0,-1
git add hello.txt --all,git add hello.txt,EXTRA_ARG,0,1,1,6,1,0
git show-log,git log --oneline,WRONG_SUBCOMMAND,0,0,1,11,-1,0
git branch,git branch feature,MISSING_ARG,0,0,1,8,0,-1
pip install requests,git init,UNKNOWN,0,0,0,15,0,1
diff,git diff,PARTIALLY_CORRECT,0,1,1,4,0,0
git switch,git switch feature,MISSING_ARG,0,0,1,8,0,-1
git log -F,git log --oneline,WRONG_FLAG,0,0,1,8,0,0
git init -f,git init,WRONG_FLAG,0,0,0,3,1,0
git,git status,PARTIALLY_CORRECT,0,1,1,7,0,0
gitgit merge feature,git merge feature,SYNTAX_ERROR,0,0,1,3,0,0
git og --oneline,git log --oneline,TYPO,0,0,1,1,0,0
git add,git add hello.txt,MISSING_ARG,0,1,1,10,0,-1
python script.py,git stash,UNKNOWN,0,1,1,12,0,0
git init extra_file.txt,git init,EXTRA_ARG,0,0,0,15,0,1
git branch -m feature,git merge feature,PARTIALLY_CORRECT,0,0,1,9,1,0
git record,"git commit -m ""Add hello.txt""",WRONG_SUBCOMMAND,1,0,1,23,-1,-2
git add hdllzo.txt,git add hello.txt,TYPO,0,1,1,2,0,0
git diff,git diff,CORRECT,0,1,1,0,0,0
git merge,git merge feature,PARTIALLY_CORRECT,0,0,1,8,0,-1
git init,git init,SYNTAX_ERROR,0,0,0,0,0,0
git switch feature -f,git switch feature,WRONG_FLAG,0,0,1,3,1,0
git stash,git stash,WRONG_CONTEXT_STATE,1,0,0,0,0,0
git add -ell.txt,git add hello.txt,TYPO,0,1,1,2,1,-1
git status,git status,CORRECT,0,1,1,0,0,0
git status --verbose,git status,WRONG_FLAG,0,1,1,10,1,0
git diff,git diff,CORRECT,0,1,1,0,0,0
gi init,git init,TYPO,0,0,0,1,0,0
git branch feature --verbose,git branch feature,WRONG_FLAG,0,0,1,10,1,0
pwd,git merge feature,UNKNOWN,0,0,1,17,0,-1
git show,git status,WRONG_SUBCOMMAND,0,1,1,5,0,0
npm install,git init,UNKNOWN,0,0,0,7,0,0
git branch feaeure,git branch feature,TYPO,0,0,1,1,0,0
git commit -m Add hello.txt,"git commit -m ""Add hello.txt""",SYNTAX_ERROR,1,0,1,2,0,0
git branch feature -f,git branch feature,WRONG_FLAG,0,0,1,3,1,0
cat hello.txt,git merge feature,UNKNOWN,0,0,1,13,0,-1
git shelve,git stash,WRONG_SUBCOMMAND,0,1,1,5,0,0
grit ijit,git init,TYPO,0,0,0,2,0,0
git init --verbose,git init,WRONG_FLAG,0,0,0,10,1,0
git merge --no-ff feature,git merge feature,DEPRECATED_USAGE,0,0,1,8,1,0
git status -s,git status,DEPRECATED_USAGE,0,1,1,3,1,0
git add hello.txt,git add hello.txt,WRONG_CONTEXT_STATE,1,0,0,0,0,0
"git commit -m ""Add","git commit -m ""Add hello.txt""",MISSING_ARG,1,0,1,11,0,-1
git push origin main,git status,WRONG_ORDER,0,1,1,15,0,2
git switch feature,git switch feature,WRONG_CONTEXT_STATE,1,1,0,0,0,0
git switch featue,git switch feature,TYPO,0,0,1,1,0,0
git inrit,git init,TYPO,0,0,0,1,0,0
git diff HEAD,git diff,DEPRECATED_USAGE,0,1,1,5,0,1
"git commit=-m=""Add=hello.txt""","git commit -m ""Add hello.txt""",SYNTAX_ERROR,1,0,1,3,-1,-2
cat hello.txt,"git commit -m ""Add hello.txt""",UNKNOWN,1,0,1,17,-1,-2
git change feature,git switch feature,WRONG_SUBCOMMAND,0,0,1,6,0,0
git merge feature --force,git merge feature,EXTRA_ARG,0,0,1,8,1,0
git branch feature -f,git branch feature,WRONG_FLAG,0,0,1,3,1,0
git commit -m 'message',git add hello.txt,WRONG_ORDER,0,1,1,18,1,0
git change feature,git switch feature,WRONG_SUBCOMMAND,0,0,1,6,0,0
"git commit -m ""Addlhello.txt""","git commit -m ""Add hello.txt""",TYPO,1,0,1,1,0,-1
git log,git log --oneline,PARTIALLY_CORRECT,0,0,1,10,-1,0
git combine feature,git merge feature,WRONG_SUBCOMMAND,0,0,1,5,0,0
git move feature,git switch feature,WRONG_SUBCOMMAND,0,0,1,6,0,0
gitdiff,git diff,SYNTAX_ERROR,0,1,1,1,0,0
git switch feature,git status,WRONG_ORDER,0,1,1,9,0,1
git commit -m,"git commit -m ""Add hello.txt""",PARTIALLY_CORRECT,1,0,1,16,0,-2
git switch feature --dry-run,git switch feature,WRONG_FLAG,0,0,1,10,1,0
git,git diff,MISSING_ARG,0,1,1,5,0,0
git branch feature --verbose,git branch feature,EXTRA_ARG,0,0,1,10,1,0
git merge feature,git merge feature,WRONG_CONTEXT_STATE,1,1,0,0,0,0
python script.py,git branch feature,UNKNOWN,0,0,1,15,0,-1
diff,git diff,PARTIALLY_CORRECT,0,1,1,4,0,0
git push origin main,git merge feature,WRONG_ORDER,0,0,1,15,0,1
git log --oneline,git log --oneline,WRONG_CONTEXT_STATE,1,1,0,0,0,0
git checkout feature,git switch feature,DEPRECATED_USAGE,0,0,1,8,0,0
"git commit -w ""Add hello.txt""","git commit -m ""Add hello.txt""",WRONG_FLAG,1,0,1,1,0,0
git create,git init,WRONG_SUBCOMMAND,0,0,0,5,0,0
git merge feature --force,git merge feature,EXTRA_ARG,0,0,1,8,1,0
git merge,git merge feature,MISSING_ARG,0,0,1,8,0,-1
git compare,git diff,WRONG_SUBCOMMAND,0,1,1,7,0,0
"git commit -m ""Add","git commit -m ""Add hello.txt""",MISSING_ARG,1,0,1,11,0,-1
git diff,git diff,CORRECT,0,1,1,0,0,0
"git commit -w ""Add hello.txt""","git commit -m ""Add hello.txt""",WRONG_FLAG,1,0,1,1,0,0
git log --pretty=oneline,git log --oneline,DEPRECATED_USAGE,0,0,1,7,0,0
git changes,git diff,WRONG_SUBCOMMAND,0,1,1,7,0,0
git commits,git log --oneline,WRONG_SUBCOMMAND,0,0,1,11,-1,0
git log --oneline,git log --oneline,WRONG_CONTEXT_STATE,1,1,0,0,0,0
git compare,git diff,WRONG_SUBCOMMAND,0,1,1,7,0,0
git init -v,git init,EXTRA_ARG,0,0,0,3,1,0
git merge --no-ff feature,git merge feature,DEPRECATED_USAGE,0,0,1,8,1,0
git add hello.txt,git add hello.txt,WRONG_CONTEXT_STATE,1,0,0,0,0,0
git create feature,git branch feature,WRONG_SUBCOMMAND,0,0,1,5,0,0
git stash --all,git stash,EXTRA_ARG,0,1,1,6,1,0
"git commit -w ""Add hello.txt""","git commit -m ""Add hello.txt""",WRONG_FLAG,1,0,1,1,0,0
git,git stash,MISSING_ARG,0,1,1,6,0,0
git add zello.fxt,git add hello.txt,TYPO,0,1,1,2,0,0
git,git status,MISSING_ARG,0,1,1,7,0,0
git log,git log --oneline,PARTIALLY_CORRECT,0,0,1,10,-1,0
gitgit merge feature,git merge feature,SYNTAX_ERROR,0,0,1,3,0,0
git diff -v,git diff,WRONG_FLAG,0,1,1,3,1,0
git,git diff,MISSING_ARG,0,1,1,5,0,0
git branch,git branch feature,MISSING_ARG,0,0,1,8,0,-1
git create,git init,WRONG_SUBCOMMAND,0,0,0,5,0,0
git merge main,git init,WRONG_ORDER,0,0,0,9,0,1
git create feature,git branch feature,WRONG_SUBCOMMAND,0,0,1,5,0,0
git add hello.txt -f,git add hello.txt,WRONG_FLAG,0,1,1,3,1,0
mkdir test,git add hello.txt,UNKNOWN,0,1,1,14,0,-1
git status -s,git status,DEPRECATED_USAGE,0,1,1,3,1,0
"git commit -m ""Add","git commit -m ""Add hello.txt""",MISSING_ARG,1,0,1,11,0,-1
git init,git init,WRONG_CONTEXT_STATE,1,1,1,0,0,0
git sdtatuv,git status,TYPO,0,1,1,2,0,0
git switch feature,git init,WRONG_ORDER,0,0,0,12,0,1
git switch,git switch feature,MISSING_ARG,0,0,1,8,0,-1
git status,git status,CORRECT,0,1,1,0,0,0
git commit --message 'Add hello.txt',"git commit -m ""Add hello.txt""",DEPRECATED_USAGE,1,0,1,9,0,0
gitlog--oneline,git log --oneline,SYNTAX_ERROR,0,0,1,2,-1,0
git merge feature,git merge feature,SYNTAX_ERROR,0,0,1,0,0,0
git merge feature,git merge feature,CORRECT,0,0,1,0,0,0
"git commit -m ""Add hello.txt""","git commit -m ""Add hello.txt""",CORRECT,1,0,1,0,0,0
git branch,git branch feature,MISSING_ARG,0,0,1,8,0,-1
git merge feature,git merge feature,WRONG_CONTEXT_STATE,1,1,0,0,0,0
git stash,git stash,CORRECT,0,1,1,0,0,0
git new feature,git branch feature,WRONG_SUBCOMMAND,0,0,1,5,0,0
git,git status,PARTIALLY_CORRECT,0,1,1,7,0,0
git,git init,PARTIALLY_CORRECT,0,0,0,5,0,0
git switch feature --dry-run,git switch feature,EXTRA_ARG,0,0,1,10,1,0
git switch feature --dry-run,git switch feature,WRONG_FLAG,0,0,1,10,1,0
"gitecommit m ""Add hello.txt""","git commit -m ""Add hello.txt""",TYPO,1,0,1,2,-1,0
git add hello.txt,git add hello.txt,CORRECT,0,1,1,0,0,0
git branch feature extra_file.txt,git branch feature,EXTRA_ARG,0,0,1,15,0,1
git init,git init,CORRECT,0,0,0,0,0,0
git diff,git diff,CORRECT,0,1,1,0,0,0
npm install,git diff,UNKNOWN,0,1,1,10,0,0
git branch,git branch feature,MISSING_ARG,0,0,1,8,0,-1
npm install,git branch feature,UNKNOWN,0,0,1,15,0,-1
git status -s,git status,DEPRECATED_USAGE,0,1,1,3,1,0
"git commit -m ""Add hello.txt""","git commit -m ""Add hello.txt""",CORRECT,1,0,1,0,0,0
"git commit -m ""Add hello.txt"" --force","git commit -m ""Add hello.txt""",EXTRA_ARG,1,0,1,8,1,0
git commit -m 'message',git stash,WRONG_ORDER,0,1,1,17,1,1
git diff,git diff,WRONG_CONTEXT_STATE,1,0,0,0,0,0
git mefge feathre,git merge feature,TYPO,0,0,1,2,0,0
git branch feature --verbose,git branch feature,EXTRA_ARG,0,0,1,10,1,0
git commits,git log --oneline,WRONG_SUBCOMMAND,0,0,1,11,-1,0
gitstzatus,git status,TYPO,0,1,1,2,0,0
git braych feature,git branch feature,TYPO,0,0,1,1,0,0
"git commit=-m=""Add=hello.txt""","git commit -m ""Add hello.txt""",SYNTAX_ERROR,1,0,1,3,-1,-2
git switch,git switch feature,PARTIALLY_CORRECT,0,0,1,8,0,-1
git log --oneline extra_file.txt,git log --oneline,EXTRA_ARG,0,0,1,15,0,1
python script.py,git add hello.txt,UNKNOWN,0,1,1,15,0,-1
git stash --dry-run,git stash,EXTRA_ARG,0,1,1,10,1,0
git shelve,git stash,WRONG_SUBCOMMAND,0,1,1,5,0,0
"git commit -m ""Add hello.txt""","git commit -m ""Add hello.txt""",WRONG_CONTEXT_STATE,0,1,0,0,0,0
"git commit -m ""Add hello.txt""","git commit -m ""Add hello.txt""",WRONG_CONTEXT_STATE,0,1,0,0,0,0
git init,git init,CORRECT,0,0,0,0,0,0
git add hello.txt -v,git add hello.txt,WRONG_FLAG,0,1,1,3,1,0
git,git init,MISSING_ARG,0,0,0,5,0,0
git merge main,git add hello.txt,WRONG_ORDER,0,1,1,12,0,0
git merge feature -v,git merge feature,WRONG_FLAG,0,0,1,3,1,0
git,git status,PARTIALLY_CORRECT,0,1,1,7,0,0
git branch,git branch feature,PARTIALLY_CORRECT,0,0,1,8,0,-1
git,git status,PARTIALLY_CORRECT,0,1,1,7,0,0
git track hello.txt,git add hello.txt,WRONG_SUBCOMMAND,0,1,1,4,0,0
gim statbus,git status,TYPO,0,1,1,2,0,0
init,git init,PARTIALLY_CORRECT,0,0,0,4,0,0
git merge feature -f,git merge feature,WRONG_FLAG,0,0,1,3,1,0
git init -v,git init,EXTRA_ARG,0,0,0,3,1,0
"git commit -m ""Add hello.txt""","git commit -m ""Add hello.txt""",CORRECT,1,0,1,0,0,0
git switch feature,git switch feature,CORRECT,0,0,1,0,0,0
$ git stash,git stash,SYNTAX_ERROR,0,1,1,2,0,1
git status,git status,WRONG_CONTEXT_STATE,1,0,0,0,0,0
git branch,git branch feature,PARTIALLY_CORRECT,0,0,1,8,0,-1
git state,git status,WRONG_SUBCOMMAND,0,1,1,2,0,0
git init --dry-run,git init,EXTRA_ARG,0,0,0,10,1,0
git push origin main,git switch feature,WRONG_ORDER,0,0,1,15,0,1
git merge --no-ff feature,git merge feature,DEPRECATED_USAGE,0,0,1,8,1,0
git add hello.txt,git add hello.txt,CORRECT,0,1,1,0,0,0
git merge,git merge feature,MISSING_ARG,0,0,1,8,0,-1
git add hello.txt,git add hello.txt,WRONG_CONTEXT_STATE,1,0,0,0,0,0
git log --pretty=oneline,git log --oneline,DEPRECATED_USAGE,0,0,1,7,0,0
git branch,git branch feature,MISSING_ARG,0,0,1,8,0,-1
git log --oneline,git log --oneline,CORRECT,0,0,1,0,0,0
git switch feature,git switch feature,WRONG_CONTEXT_STATE,1,1,0,0,0,0
git init -v,git init,WRONG_FLAG,0,0,0,3,1,0
git llv --oneline,git log --oneline,TYPO,0,0,1,2,0,0
git new feature,git branch feature,WRONG_SUBCOMMAND,0,0,1,5,0,0
git merge feature -v,git merge feature,EXTRA_ARG,0,0,1,3,1,0
git show-log,git log --oneline,WRONG_SUBCOMMAND,0,0,1,11,-1,0
git merge main,git diff,WRONG_ORDER,0,1,1,10,0,1
git status,git status,WRONG_CONTEXT_STATE,1,0,0,0,0,0
git status --verbose,git status,EXTRA_ARG,0,1,1,10,1,0
git diff,git diff,SYNTAX_ERROR,0,1,1,0,0,0
mkdir test,git diff,UNKNOWN,0,1,1,8,0,0
npm install,git status,UNKNOWN,0,1,1,8,0,0
"git commit -m ""Add hello.txt""","git commit -m ""Add hello.txt""",WRONG_CONTEXT_STATE,0,1,0,0,0,0
git log,git log --oneline,MISSING_ARG,0,0,1,10,-1,0
git commit -m 'message',git log --oneline,WRONG_ORDER,0,0,1,14,0,1
cat hello.txt,git diff,UNKNOWN,0,1,1,11,0,0
git add hello.txt,git add hello.txt,WRONG_CONTEXT_STATE,1,0,0,0,0,0
git add .txt,git add hello.txt,PARTIALLY_CORRECT,0,1,1,5,0,0
"git commit -w ""Add hello.txt""","git commit -m ""Add hello.txt""",WRONG_FLAG,1,0,1,1,0,0
"git commit -m ""Add hello.txt""","git commit -m ""Add hello.txt""",WRONG_CONTEXT_STATE,0,1,0,0,0,0
git stash extra_file.txt,git stash,EXTRA_ARG,0,1,1,15,0,1
git addhello.qxt,git add hello.txt,TYPO,0,1,1,2,0,-1
git switch feature,git stash,WRONG_ORDER,0,1,1,11,0,1
git log --oneline --verbose,git log --oneline,EXTRA_ARG,0,0,1,10,1,0
git status --all,git status,EXTRA_ARG,0,1,1,6,1,0
git branch feature --force,git branch feature,EXTRA_ARG,0,0,1,8,1,0
"gitgit commit -m ""Add hello.txt""","git commit -m ""Add hello.txt""",SYNTAX_ERROR,1,0,1,3,0,0
cd ..,git switch feature,UNKNOWN,0,0,1,16,0,-1
git log -F,git log --oneline,WRONG_FLAG,0,0,1,8,0,0
git branch,git branch feature,MISSING_ARG,0,0,1,8,0,-1
git status,git status,WRONG_CONTEXT_STATE,1,0,0,0,0,0
git branch -b feature,git branch feature,DEPRECATED_USAGE,0,0,1,3,1,0
git commit -m,"git commit -m ""Add hello.txt""",PARTIALLY_CORRECT,1,0,1,16,0,-2
git merge,git merge feature,PARTIALLY_CORRECT,0,0,1,8,0,-1
git commit --message 'Add hello.txt',"git commit -m ""Add hello.txt""",DEPRECATED_USAGE,1,0,1,9,0,0
git sta,git stash,PARTIALLY_CORRECT,0,1,1,2,0,0
git branch feature,git branch feature,CORRECT,0,0,1,0,0,0
git merge main,git log --oneline,WRONG_ORDER,0,0,1,11,-1,1
gitebranchk feature,git branch feature,TYPO,0,0,1,2,0,-1
git snapshot,"git commit -m ""Add hello.txt""",WRONG_SUBCOMMAND,1,0,1,22,-1,-2
git add hello.txt -v,git add hello.txt,EXTRA_ARG,0,1,1,3,1,0
git status,git status,CORRECT,0,1,1,0,0,0
pwd,git status,UNKNOWN,0,1,1,10,0,0
git branch,git branch feature,PARTIALLY_CORRECT,0,0,1,8,0,-1
git branch feature,git branch feature,WRONG_CONTEXT_STATE,1,1,0,0,0,0
git log -F,git log --oneline,WRONG_FLAG,0,0,1,8,0,0
git sta,git stash,PARTIALLY_CORRECT,0,1,1,2,0,0
git log --oneline,git log --oneline,CORRECT,0,0,1,0,0,0
git branch,git branch feature,MISSING_ARG,0,0,1,8,0,-1
git start,git init,WRONG_SUBCOMMAND,0,0,0,4,0,0
"git commit -m ""Add","git commit -m ""Add hello.txt""",MISSING_ARG,1,0,1,11,0,-1
git checkout feature,git switch feature,DEPRECATED_USAGE,0,0,1,8,0,0
git stfah,git stash,TYPO,0,1,1,2,0,0
git status,git status,WRONG_CONTEXT_STATE,1,0,0,0,0,0
git stash -f,git stash,WRONG_FLAG,0,1,1,3,1,0
git log --oneline,git log --oneline,WRONG_CONTEXT_STATE,1,1,0,0,0,0
git init,git init,WRONG_CONTEXT_STATE,1,1,1,0,0,0
git stash --verbose,git stash,WRONG_FLAG,0,1,1,10,1,0
git stage hello.txt,git add hello.txt,WRONG_SUBCOMMAND,0,1,1,4,0,0
git diff HEAD,git diff,DEPRECATED_USAGE,0,1,1,5,0,1
git commit -m 'message',git add hello.txt,WRONG_ORDER,0,1,1,18,1,0
git init,git init,CORRECT,0,0,0,0,0,0
git branch,git branch feature,MISSING_ARG,0,0,1,8,0,-1
git mergfe featura,git merge feature,TYPO,0,0,1,2,0,0
git stash,git stash,CORRECT,0,1,1,0,0,0
git add,git add hello.txt,MISSING_ARG,0,1,1,10,0,-1
git merge --no-ff feature,git merge feature,DEPRECATED_USAGE,0,0,1,8,1,0
git,git init,PARTIALLY_CORRECT,0,0,0,5,0,0
git add -u hello.txt,git add hello.txt,DEPRECATED_USAGE,0,1,1,3,1,0
git stash --verbose,git stash,WRONG_FLAG,0,1,1,10,1,0
git add hello.txt,git add hello.txt,TYPO,0,1,1,0,0,0
git switch feature,git merge feature,WRONG_ORDER,0,0,1,6,0,0
git commit -m 'message',git init,WRONG_ORDER,0,0,0,17,1,1
git add hello.txt,git add hello.txt,WRONG_CONTEXT_STATE,1,0,0,0,0,0
gitswitchfeature,git switch feature,SYNTAX_ERROR,0,0,1,2,0,-1
rm -rf test,git status,UNKNOWN,0,1,1,9,1,1
git add,git add hello.txt,PARTIALLY_CORRECT,0,1,1,10,0,-1
git add hev-lo.txt,git add hello.txt,TYPO,0,1,1,2,0,0
git stash --force,git stash,EXTRA_ARG,0,1,1,8,1,0
git commit -m 'message',git switch feature,WRONG_ORDER,0,0,1,14,1,0
git commit --message 'Add hello.txt',"git commit -m ""Add hello.txt""",DEPRECATED_USAGE,1,0,1,9,0,0
git stash,git stash,CORRECT,0,1,1,0,0,0
git merge feature,git merge feature,WRONG_CONTEXT_STATE,1,1,0,0,0,0
git merge main,git merge feature,WRONG_ORDER,0,0,1,6,0,0
"git commit -w ""Add hello.txt""","git commit -m ""Add hello.txt""",WRONG_FLAG,1,0,1,1,0,0
"git commit -omx""Add hello.txt""","git commit -m ""Add hello.txt""",TYPO,1,0,1,2,0,-1
git status -s,git status,DEPRECATED_USAGE,0,1,1,3,1,0
gitmergefeature,git merge feature,SYNTAX_ERROR,0,0,1,2,0,-1
git status,git status,WRONG_CONTEXT_STATE,1,0,0,0,0,0
git diff HEAD,git diff,DEPRECATED_USAGE,0,1,1,5,0,1
git stash,git stash,CORRECT,0,1,1,0,0,0
git merge feature,git merge feature,CORRECT,0,0,1,0,0,0
git init .,git init,DEPRECATED_USAGE,0,0,0,2,0,1
git status,git status,WRONG_CONTEXT_STATE,1,0,0,0,0,0
git --diff,git diff,SYNTAX_ERROR,0,1,1,2,1,0
git inb,git init,TYPO,0,0,0,2,0,0
git sthtus,git status,TYPO,0,1,1,1,0,0
git push origin main,git branch feature,WRONG_ORDER,0,0,1,16,0,1
git hide,git stash,WRONG_SUBCOMMAND,0,1,1,5,0,0
python script.py,"git commit -m ""Add hello.txt""",UNKNOWN,1,0,1,25,-1,-2
git merge feature,git merge feature,CORRECT,0,0,1,0,0,0
git,git status,MISSING_ARG,0,1,1,7,0,0
git diff -v,git diff,WRONG_FLAG,0,1,1,3,1,0
git log --oneline,git log --oneline,CORRECT,0,0,1,0,0,0
gxt branch feture,git branch feature,TYPO,0,0,1,2,0,0
git stash --dry-run,git stash,WRONG_FLAG,0,1,1,10,1,0
git diff -f,git diff,WRONG_FLAG,0,1,1,3,1,0
git join feature,git merge feature,WRONG_SUBCOMMAND,0,0,1,5,0,0
gitgit branch feature,git branch feature,SYNTAX_ERROR,0,0,1,3,0,0
git merge feature -v,git merge feature,EXTRA_ARG,0,0,1,3,1,0
git stash,git stash,WRONG_CONTEXT_STATE,1,0,0,0,0,0
status,git status,PARTIALLY_CORRECT,0,1,1,4,0,0
git init,git init,WRONG_CONTEXT_STATE,1,1,1,0,0,0
git switch feature -v,git switch feature,EXTRA_ARG,0,0,1,3,1,0
git stash -v,git stash,WRONG_FLAG,0,1,1,3,1,0
git merge feature --dry-run,git merge feature,WRONG_FLAG,0,0,1,10,1,0
git branch,git branch feature,PARTIALLY_CORRECT,0,0,1,8,0,-1
git log --pretty=oneline,git log --oneline,DEPRECATED_USAGE,0,0,1,7,0,0
git add,git add hello.txt,PARTIALLY_CORRECT,0,1,1,10,0,-1
gitilog --oneline,git log --oneline,TYPO,0,0,1,1,0,0
"git commit -m ""Add hello.txt""","git commit -m ""Add hello.txt""",WRONG_CONTEXT_STATE,0,1,0,0,0,0
git --merge feature,git merge feature,SYNTAX_ERROR,0,0,1,2,1,0
cd ..,git log --oneline,UNKNOWN,0,0,1,16,-1,0
gitlog --oneline,git log --oneline,TYPO,0,0,1,1,0,0
git sptash,git stash,TYPO,0,1,1,1,0,0
git,git diff,MISSING_ARG,0,1,1,5,0,0
git,git status,MISSING_ARG,0,1,1,7,0,0
gqit dif,git diff,TYPO,0,1,1,2,0,0
git init -v,git init,EXTRA_ARG,0,0,0,3,1,0
git status,git status,SYNTAX_ERROR,0,1,1,0,0,0
git switch feature,git switch feature,CORRECT,0,0,1,0,0,0
"git commit -w ""Add hello.txt""","git commit -m ""Add hello.txt""",WRONG_FLAG,1,0,1,1,0,0
git commit -m 'message',git log --oneline,WRONG_ORDER,0,0,1,14,0,1
git add -u hello.txt,git add hello.txt,DEPRECATED_USAGE,0,1,1,3,1,0
git add=hello.txt,git add hello.txt,SYNTAX_ERROR,0,1,1,1,0,-1
diff,git diff,PARTIALLY_CORRECT,0,1,1,4,0,0
git add -u hello.txt,git add hello.txt,DEPRECATED_USAGE,0,1,1,3,1,0
git diff,git diff,SYNTAX_ERROR,0,1,1,0,0,0
git push origin main,"git commit -m ""Add hello.txt""",WRONG_ORDER,1,0,1,23,-1,0
pip install requests,git log --oneline,UNKNOWN,0,0,1,17,-1,1
git add -u hello.txt,git add hello.txt,DEPRECATED_USAGE,0,1,1,3,1,0
git add,git add hello.txt,PARTIALLY_CORRECT,0,1,1,10,0,-1
diff,git diff,PARTIALLY_CORRECT,0,1,1,4,0,0
git merge feature,git merge feature,SYNTAX_ERROR,0,0,1,0,0,0
git add hello.txt --dry-run,git add hello.txt,EXTRA_ARG,0,1,1,10,1,0
git stasj,git stash,TYPO,0,1,1,1,0,0
git log -F,git log --oneline,WRONG_FLAG,0,0,1,8,0,0
git create feature,git branch feature,WRONG_SUBCOMMAND,0,0,1,5,0,0
git switch feature,git add hello.txt,WRONG_ORDER,0,1,1,13,0,0
git init,git init,WRONG_CONTEXT_STATE,1,1,1,0,0,0
pip install requests,"git commit -m ""Add hello.txt""",UNKNOWN,1,0,1,23,-1,-1
git snapshot,"git commit -m ""Add hello.txt""",WRONG_SUBCOMMAND,1,0,1,22,-1,-2
git sash,git stash,TYPO,0,1,1,1,0,0
git branch,git branch feature,PARTIALLY_CORRECT,0,0,1,8,0,-1
git commit -m 'message',git status,WRONG_ORDER,0,1,1,17,1,1
git hide,git stash,WRONG_SUBCOMMAND,0,1,1,5,0,0
git log --pretty=oneline,git log --oneline,DEPRECATED_USAGE,0,0,1,7,0,0
git go feature,git switch feature,WRONG_SUBCOMMAND,0,0,1,6,0,0
git commit -m 'message',git log --oneline,WRONG_ORDER,0,0,1,14,0,1
git add hello.txt -f,git add hello.txt,WRONG_FLAG,0,1,1,3,1,0
git branch,git branch feature,PARTIALLY_CORRECT,0,0,1,8,0,-1
git merge feature,git merge feature,CORRECT,0,0,1,0,0,0
git stage hello.txt,git add hello.txt,WRONG_SUBCOMMAND,0,1,1,4,0,0
pwd,git merge feature,UNKNOWN,0,0,1,17,0,-1
git branch fyature,git branch feature,TYPO,0,0,1,1,0,0
git status -v,git status,EXTRA_ARG,0,1,1,3,1,0
git switch feature,"git commit -m ""Add hello.txt""",WRONG_ORDER,1,0,1,20,-1,-1
git log --oneline,git log --oneline,CORRECT,0,0,1,0,0,0
git init,git init,CORRECT,0,0,0,0,0,0
g_t stase,git stash,TYPO,0,1,1,2,0,0
pwd,git merge feature,UNKNOWN,0,0,1,17,0,-1
git sta,git stash,PARTIALLY_CORRECT,0,1,1,2,0,0
git merge feature -f,git merge feature,WRONG_FLAG,0,0,1,3,1,0
git move feature,git switch feature,WRONG_SUBCOMMAND,0,0,1,6,0,0
git add hello.txt,git add hello.txt,WRONG_CONTEXT_STATE,1,0,0,0,0,0
git,git diff,MISSING_ARG,0,1,1,5,0,0
git init --verbose,git init,WRONG_FLAG,0,0,0,10,1,0
git stash,git stash,CORRECT,0,1,1,0,0,0
git log --oneline,git log --oneline,WRONG_CONTEXT_STATE,1,1,0,0,0,0
git status -s,git status,DEPRECATED_USAGE,0,1,1,3,1,0
git commit -m 'message',git init,WRONG_ORDER,0,0,0,17,1,1
git push origin main,git switch feature,WRONG_ORDER,0,0,1,15,0,1
git log,git log --oneline,MISSING_ARG,0,0,1,10,-1,0
git merge feature --all,git merge feature,EXTRA_ARG,0,0,1,6,1,0
git init --verbose,git init,EXTRA_ARG,0,0,0,10,1,0
git switch feature,git switch feature,WRONG_ORDER,0,0,1,0,0,0
git commit -m,"git commit -m ""Add hello.txt""",PARTIALLY_CORRECT,1,0,1,16,0,-2
git push origin main,git stash,WRONG_ORDER,0,1,1,14,0,2
git push origin main,"git commit -m ""Add hello.txt""",WRONG_ORDER,1,0,1,23,-1,0
git add -u hello.txt,git add hello.txt,DEPRECATED_USAGE,0,1,1,3,1,0
git state,git status,WRONG_SUBCOMMAND,0,1,1,2,0,0
git status,git status,WRONG_CONTEXT_STATE,1,0,0,0,0,0
git stash --all,git stash,EXTRA_ARG,0,1,1,6,1,0
git add hello.txt,git add hello.txt,WRONG_CONTEXT_STATE,1,0,0,0,0,0
$ git switch feature,git switch feature,SYNTAX_ERROR,0,0,1,2,0,1
"git commit -m ""Add hello.txt"" extra_file.txt","git commit -m ""Add hello.txt""",EXTRA_ARG,1,0,1,15,0,1
gitinit,git init,SYNTAX_ERROR,0,0,0,1,0,0
git branch,git branch feature,MISSING_ARG,0,0,1,8,0,-1
mkdir test,git branch feature,UNKNOWN,0,0,1,14,0,-1
git,git diff,MISSING_ARG,0,1,1,5,0,0
"git commit -m ""Add hello.txt""","git commit -m ""Add hello.txt""",WRONG_CONTEXT_STATE,0,1,0,0,0,0
git commit -m 'message',git diff,WRONG_ORDER,0,1,1,18,1,1
npm install,git stash,UNKNOWN,0,1,1,7,0,0
git init .,git init,DEPRECATED_USAGE,0,0,0,2,0,1
git stash,git stash,SYNTAX_ERROR,0,1,1,0,0,0
git merge main,git status,WRONG_ORDER,0,1,1,10,0,1
gif difzf,git diff,TYPO,0,1,1,2,0,0
init,git init,PARTIALLY_CORRECT,0,0,0,4,0,0
git add hello.txt,git add hello.txt,CORRECT,0,1,1,0,0,0
$ git branch feature,git branch feature,SYNTAX_ERROR,0,0,1,2,0,1
git switch,git switch feature,MISSING_ARG,0,0,1,8,0,-1
git push origin main,git add hello.txt,WRONG_ORDER,0,1,1,15,0,1
git branch,git branch feature,PARTIALLY_CORRECT,0,0,1,8,0,-1
git status,git status,SYNTAX_ERROR,0,1,1,0,0,0
"git commit -m ""Add hello.txt""","git commit -m ""Add hello.txt""",WRONG_CONTEXT_STATE,0,1,0,0,0,0
git log---oeeline,git log --oneline,TYPO,0,0,1,2,-1,0
git stage hello.txt,git add hello.txt,WRONG_SUBCOMMAND,0,1,1,4,0,0
rm -rf test,git add hello.txt,UNKNOWN,0,1,1,13,1,0
git switch,git switch feature,MISSING_ARG,0,0,1,8,0,-1
git hide,git stash,WRONG_SUBCOMMAND,0,1,1,5,0,0
git stash,git stash,SYNTAX_ERROR,0,1,1,0,0,0
git switch,git switch feature,PARTIALLY_CORRECT,0,0,1,8,0,-1
git stash,git stash,WRONG_CONTEXT_STATE,1,0,0,0,0,0
rm -rf test,git switch feature,UNKNOWN,0,0,1,14,1,0
git merge main,"git commit -m ""Add hello.txt""",WRONG_ORDER,1,0,1,23,-1,-1
git merge main,git merge feature,WRONG_ORDER,0,0,1,6,0,0
git init --dry-run,git init,EXTRA_ARG,0,0,0,10,1,0
git info,git status,WRONG_SUBCOMMAND,0,1,1,6,0,0
$ git status,git status,SYNTAX_ERROR,0,1,1,2,0,1
git merge --no-ff feature,git merge feature,DEPRECATED_USAGE,0,0,1,8,1,0
git log --oneline,git log --oneline,CORRECT,0,0,1,0,0,0
git branch feature --dry-run,git branch feature,WRONG_FLAG,0,0,1,10,1,0
git stash,git stash,SYNTAX_ERROR,0,1,1,0,0,0
git branch feature,git switch feature,PARTIALLY_CORRECT,0,0,1,4,0,0
git merge feature,git merge feature,WRONG_CONTEXT_STATE,1,1,0,0,0,0
git switch feature,git switch feature,WRONG_CONTEXT_STATE,1,1,0,0,0,0
npm install,git log --oneline,UNKNOWN,0,0,1,15,-1,0
git,git stash,MISSING_ARG,0,1,1,6,0,0
git init -v,git init,WRONG_FLAG,0,0,0,3,1,0
git status,git status,WRONG_CONTEXT_STATE,1,0,0,0,0,0
git merge feature,git merge feature,WRONG_CONTEXT_STATE,1,1,0,0,0,0
git diff,git diff,CORRECT,0,1,1,0,0,0
pip install requests,git branch feature,UNKNOWN,0,0,1,16,0,0
git switch feature,git branch feature,WRONG_ORDER,0,0,1,4,0,0
"git commit -m ""Add","git commit -m ""Add hello.txt""",MISSING_ARG,1,0,1,11,0,-1
git compare,git diff,WRONG_SUBCOMMAND,0,1,1,7,0,0
git log,git log --oneline,MISSING_ARG,0,0,1,10,-1,0
"git commit -m ""Add hello.txt""","git commit -m ""Add hello.txt""",WRONG_CONTEXT_STATE,0,1,0,0,0,0
git switch featre,git switch feature,TYPO,0,0,1,1,0,0
git status --verbose,git status,WRONG_FLAG,0,1,1,10,1,0
git status --force,git status,EXTRA_ARG,0,1,1,8,1,0
git status -s,git status,DEPRECATED_USAGE,0,1,1,3,1,0
git new,git init,WRONG_SUBCOMMAND,0,0,0,3,0,0
mkdir test,git stash,UNKNOWN,0,1,1,7,0,0
git log,git log --oneline,PARTIALLY_CORRECT,0,0,1,10,-1,0
git log --oneline -v,git log --oneline,EXTRA_ARG,0,0,1,3,1,0
git diff HEAD,git diff,DEPRECATED_USAGE,0,1,1,5,0,1
git commit -m 'message',git log --oneline,WRONG_ORDER,0,0,1,14,0,1
git init --verbose,git init,WRONG_FLAG,0,0,0,10,1,0
git add hello.txt --all,git add hello.txt,EXTRA_ARG,0,1,1,6,1,0
git merge --no-ff feature,git merge feature,DEPRECATED_USAGE,0,0,1,8,1,0
git diff HEAD,git diff,DEPRECATED_USAGE,0,1,1,5,0,1
git pull feature,git merge feature,WRONG_SUBCOMMAND,0,0,1,5,0,0
git log --oneline,git log --oneline,WRONG_CONTEXT_STATE,1,1,0,0,0,0
git merge --no-ff feature,git merge feature,DEPRECATED_USAGE,0,0,1,8,1,0
git status -s,git status,DEPRECATED_USAGE,0,1,1,3,1,0
git add hello.txt,git add hello.txt,CORRECT,0,1,1,0,0,0
git nit,git init,TYPO,0,0,0,1,0,0
git branch -b feature,git branch feature,DEPRECATED_USAGE,0,0,1,3,1,0
git merge,git merge feature,MISSING_ARG,0,0,1,8,0,-1
git branch,git branch feature,MISSING_ARG,0,0,1,8,0,-1
git diff --dry-run,git diff,WRONG_FLAG,0,1,1,10,1,0
git branch feature,git branch feature,CORRECT,0,0,1,0,0,0
git log=--oneline,git log --oneline,SYNTAX_ERROR,0,0,1,1,-1,0
git commit -m 'message',git diff,WRONG_ORDER,0,1,1,18,1,1
git branch feature --verbose,git branch feature,WRONG_FLAG,0,0,1,10,1,0
git status,git status,CORRECT,0,1,1,0,0,0
git stash -v,git stash,EXTRA_ARG,0,1,1,3,1,0
git switch feature,git switch feature,WRONG_CONTEXT_STATE,1,1,0,0,0,0
git init,git init,SYNTAX_ERROR,0,0,0,0,0,0
"git commit -m ""Add hello.wtxt""","git commit -m ""Add hello.txt""",TYPO,1,0,1,1,0,0
git branch featre,git branch feature,TYPO,0,0,1,1,0,0
$ git switch feature,git switch feature,SYNTAX_ERROR,0,0,1,2,0,1
git status,git status,CORRECT,0,1,1,0,0,0
git diff,git diff,CORRECT,0,1,1,0,0,0
git commit -m 'message',git stash,WRONG_ORDER,0,1,1,17,1,1
git stash --force,git stash,EXTRA_ARG,0,1,1,8,1,0
git push origin main,git branch feature,WRONG_ORDER,0,0,1,16,0,1
git init --dry-run,git init,WRONG_FLAG,0,0,0,10,1,0
"git commit -m ""Add hello.txt""","git commit -m ""Add hello.txt""",CORRECT,1,0,1,0,0,0
gitgit init,git init,SYNTAX_ERROR,0,0,0,3,0,0
git init,git init,CORRECT,0,0,0,0,0,0
git merge main,git merge feature,WRONG_ORDER,0,0,1,6,0,0
git change feature,git switch feature,WRONG_SUBCOMMAND,0,0,1,6,0,0
gitgit init,git init,SYNTAX_ERROR,0,0,0,3,0,0
"git commit -m ""Add hello.txt"" --dry-run","git commit -m ""Add hello.txt""",EXTRA_ARG,1,0,1,10,1,0
git merge --no-ff feature,git merge feature,DEPRECATED_USAGE,0,0,1,8,1,0
git merge main,git init,WRONG_ORDER,0,0,0,9,0,1
git push,"git commit -m ""Add hello.txt""",WRONG_SUBCOMMAND,1,0,1,24,-1,-2
git init .,git init,DEPRECATED_USAGE,0,0,0,2,0,1
git switch feature --all,git switch feature,EXTRA_ARG,0,0,1,6,1,0
git imzt,git init,TYPO,0,0,0,2,0,0
git stash,git stash,CORRECT,0,1,1,0,0,0
git push origin main,git add hello.txt,WRONG_ORDER,0,1,1,15,0,1
gi branch feature,git branch feature,TYPO,0,0,1,1,0,0
git show-diff,git diff,WRONG_SUBCOMMAND,0,1,1,5,0,0
git new,git init,WRONG_SUBCOMMAND,0,0,0,3,0,0
echo hello,git branch feature,UNKNOWN,0,0,1,15,0,-1
git status extra_file.txt,git status,EXTRA_ARG,0,1,1,15,0,1
git stash --dry-run,git stash,WRONG_FLAG,0,1,1,10,1,0
git include hello.txt,git add hello.txt,WRONG_SUBCOMMAND,0,1,1,6,0,0
git save,"git commit -m ""Add hello.txt""",WRONG_SUBCOMMAND,1,0,1,24,-1,-2
git stash,git stash,CORRECT,0,1,1,0,0,0
gitswitch feature,git switch feature,TYPO,0,0,1,1,0,-1
git merge=feature,git merge feature,SYNTAX_ERROR,0,0,1,1,0,-1
git push origin main,git diff,WRONG_ORDER,0,1,1,15,0,2
git log --oneline,git log --oneline,WRONG_CONTEXT_STATE,1,1,0,0,0,0
git --stash,git stash,SYNTAX_ERROR,0,1,1,2,1,0
git stash,git stash,CORRECT,0,1,1,0,0,0
git switch feature -f,git switch feature,WRONG_FLAG,0,0,1,3,1,0
"gitcommit-m""Addhello.txt""","git commit -m ""Add hello.txt""",SYNTAX_ERROR,1,0,1,4,-1,-2
git switchm featupre,git switch feature,TYPO,0,0,1,2,0,0
git merge feakre,git merge feature,TYPO,0,0,1,2,0,0
git merge main,git log --oneline,WRONG_ORDER,0,0,1,11,-1,1
pip install requests,git status,UNKNOWN,0,1,1,13,0,1
git,git diff,MISSING_ARG,0,1,1,5,0,0
git commit -m 'message',git stash,WRONG_ORDER,0,1,1,17,1,1
git stash,git stash,CORRECT,0,1,1,0,0,0
git status -v,git status,WRONG_FLAG,0,1,1,3,1,0
git log --oneldxine,git log --oneline,TYPO,0,0,1,2,0,0
"git commit -m ""dd hllo.txt""","git commit -m ""Add hello.txt""",TYPO,1,0,1,2,0,0
git branch featsue,git branch feature,TYPO,0,0,1,2,0,0
git log,git log --oneline,PARTIALLY_CORRECT,0,0,1,10,-1,0
git commit -m,"git commit -m ""Add hello.txt""",PARTIALLY_CORRECT,1,0,1,16,0,-2
gitgit log --oneline,git log --oneline,SYNTAX_ERROR,0,0,1,3,0,0
git branch feature,git branch feature,CORRECT,0,0,1,0,0,0
git merge feature,git merge feature,WRONG_CONTEXT_STATE,1,1,0,0,0,0
git stash,git stash,WRONG_CONTEXT_STATE,1,0,0,0,0,0
git init --verbose,git init,EXTRA_ARG,0,0,0,10,1,0
git create feature,git branch feature,WRONG_SUBCOMMAND,0,0,1,5,0,0
git commit -m 'message',git stash,WRONG_ORDER,0,1,1,17,1,1
"git commit -m ""Add hello.txt""","git commit -m ""Add hello.txt""",CORRECT,1,0,1,0,0,0
git add hello.txt,git add hello.txt,CORRECT,0,1,1,0,0,0
git log --pretty=oneline,git log --oneline,DEPRECATED_USAGE,0,0,1,7,0,0
git status,git status,CORRECT,0,1,1,0,0,0
gitkdiff,git diff,TYPO,0,1,1,1,0,0
git stash -f,git stash,WRONG_FLAG,0,1,1,3,1,0
git switch feature,git add hello.txt,WRONG_ORDER,0,1,1,13,0,0
git commit --message 'Add hello.txt',"git commit -m ""Add hello.txt""",DEPRECATED_USAGE,1,0,1,9,0,0
git start,git init,WRONG_SUBCOMMAND,0,0,0,4,0,0
git init -v,git init,EXTRA_ARG,0,0,0,3,1,0
"git commit -w ""Add hello.txt""","git commit -m ""Add hello.txt""",WRONG_FLAG,1,0,1,1,0,0
git merge --no-ff feature,git merge feature,DEPRECATED_USAGE,0,0,1,8,1,0
git new feature,git branch feature,WRONG_SUBCOMMAND,0,0,1,5,0,0
glit stash,git stash,TYPO,0,1,1,1,0,0
git merge,git merge feature,MISSING_ARG,0,0,1,8,0,-1
git branch -b feature,git branch feature,DEPRECATED_USAGE,0,0,1,3,1,0
gitgit add hello.txt,git add hello.txt,SYNTAX_ERROR,0,1,1,3,0,0
git switch feature,git switch feature,WRONG_CONTEXT_STATE,1,1,0,0,0,0
npm install,git diff,UNKNOWN,0,1,1,10,0,0
git new feature,git branch feature,WRONG_SUBCOMMAND,0,0,1,5,0,0
git add hello.txt,git add hello.txt,WRONG_CONTEXT_STATE,1,0,0,0,0,0
git merge,git merge feature,PARTIALLY_CORRECT,0,0,1,8,0,-1
git branch -b feature,git branch feature,DEPRECATED_USAGE,0,0,1,3,1,0
git push origin main,git add hello.txt,WRONG_ORDER,0,1,1,15,0,1
git,git status,MISSING_ARG,0,1,1,7,0,0
git,git status,PARTIALLY_CORRECT,0,1,1,7,0,0
npm install,git stash,UNKNOWN,0,1,1,7,0,0
git commit -m 'message',git log --oneline,WRONG_ORDER,0,0,1,14,0,1
git commit -m 'message',git diff,WRONG_ORDER,0,1,1,18,1,1
git add -u hello.txt,git add hello.txt,DEPRECATED_USAGE,0,1,1,3,1,0
git,git stash,MISSING_ARG,0,1,1,6,0,0
git switch feature -v,git switch feature,WRONG_FLAG,0,0,1,3,1,0
git diff,git diff,WRONG_CONTEXT_STATE,1,0,0,0,0,0
"git commit -m ""Add","git commit -m ""Add hello.txt""",MISSING_ARG,1,0,1,11,0,-1
git init,git init,WRONG_CONTEXT_STATE,1,1,1,0,0,0
git diff --force,git diff,EXTRA_ARG,0,1,1,8,1,0
git merge feature,git merge feature,CORRECT,0,0,1,0,0,0
"git commit -m ""Add hello.txt""","git commit -m ""Add hello.txt""",CORRECT,1,0,1,0,0,0
echo hello,git log --oneline,UNKNOWN,0,0,1,13,-1,0
git merge beature,git merge feature,TYPO,0,0,1,1,0,0
git diff HEAD,git diff,DEPRECATED_USAGE,0,1,1,5,0,1
git history,git log --oneline,WRONG_SUBCOMMAND,0,0,1,12,-1,0
echo hello,git stash,UNKNOWN,0,1,1,9,0,0
git branch feature,git branch feature,WRONG_CONTEXT_STATE,1,1,0,0,0,0
git merge main,git log --oneline,WRONG_ORDER,0,0,1,11,-1,1
gitgit status,git status,SYNTAX_ERROR,0,1,1,3,0,0
git merge,git merge feature,PARTIALLY_CORRECT,0,0,1,8,0,-1
git swich featurje,git switch feature,TYPO,0,0,1,2,0,0
git show-log,git log --oneline,WRONG_SUBCOMMAND,0,0,1,11,-1,0
git stash -f,git stash,WRONG_FLAG,0,1,1,3,1,0
git add hello.txt,git add hello.txt,CORRECT,0,1,1,0,0,0
"git commit -m ""Add hello.txt"" extra_file.txt","git commit -m ""Add hello.txt""",EXTRA_ARG,1,0,1,15,0,1
git merge,git merge feature,MISSING_ARG,0,0,1,8,0,-1
git,git init,MISSING_ARG,0,0,0,5,0,0
rm -rf test,git switch feature,UNKNOWN,0,0,1,14,1,0
git log --oneline,git log --oneline,SYNTAX_ERROR,0,0,1,0,0,0
git shelve,git stash,WRONG_SUBCOMMAND,0,1,1,5,0,0
git push origin main,git log --oneline,WRONG_ORDER,0,0,1,13,-1,2
git status,git status,WRONG_CONTEXT_STATE,1,0,0,0,0,0
git init --force,git init,EXTRA_ARG,0,0,0,8,1,0
git switch feature,git switch feature,WRONG_CONTEXT_STATE,1,1,0,0,0,0
git pull feature,git merge feature,WRONG_SUBCOMMAND,0,0,1,5,0,0
git merge --no-ff feature,git merge feature,DEPRECATED_USAGE,0,0,1,8,1,0
git merge main,"git commit -m ""Add hello.txt""",WRONG_ORDER,1,0,1,23,-1,-1
git init -f,git init,WRONG_FLAG,0,0,0,3,1,0
git branch feature --verbose,git branch feature,WRONG_FLAG,0,0,1,10,1,0
$ git init,git init,SYNTAX_ERROR,0,0,0,2,0,1
git join feature,git merge feature,WRONG_SUBCOMMAND,0,0,1,5,0,0
git init .,git init,DEPRECATED_USAGE,0,0,0,2,0,1
git switch,git switch feature,MISSING_ARG,0,0,1,8,0,-1
git switch feature,git status,WRONG_ORDER,0,1,1,9,0,1
git init,git init,CORRECT,0,0,0,0,0,0
git status --verbose,git status,WRONG_FLAG,0,1,1,10,1,0
git add,git add hello.txt,PARTIALLY_CORRECT,0,1,1,10,0,-1
git push origin main,git init,WRONG_ORDER,0,0,0,13,0,2
git diff,git diff,WRONG_CONTEXT_STATE,1,0,0,0,0,0
git log o--oneine,git log --oneline,TYPO,0,0,1,2,-1,1
git status -v,git status,EXTRA_ARG,0,1,1,3,1,0
git ajd hello.txt,git add hello.txt,TYPO,0,1,1,1,0,0
git init -v,git init,WRONG_FLAG,0,0,0,3,1,0
git log --oneline,git log --oneline,TYPO,0,0,1,0,0,0
git init,git init,WRONG_CONTEXT_STATE,1,1,1,0,0,0
git add hello.txt,git add hello.txt,WRONG_CONTEXT_STATE,1,0,0,0,0,0
git log --oneline,git log --oneline,CORRECT,0,0,1,0,0,0
gitgit log --oneline,git log --oneline,SYNTAX_ERROR,0,0,1,3,0,0
git stash,git stash,CORRECT,0,1,1,0,0,0
git branch,git branch feature,PARTIALLY_CORRECT,0,0,1,8,0,-1
git branch -m feature,git merge feature,PARTIALLY_CORRECT,0,0,1,9,1,0
git show-log,git log --oneline,WRONG_SUBCOMMAND,0,0,1,11,-1,0
python script.py,git switch feature,UNKNOWN,0,0,1,15,0,-1
python script.py,git init,UNKNOWN,0,0,0,12,0,0
git branch feature,git branch feature,WRONG_CONTEXT_STATE,1,1,0,0,0,0
cd ..,git branch feature,UNKNOWN,0,0,1,16,0,-1
git switch feature extra_file.txt,git switch feature,EXTRA_ARG,0,0,1,15,0,1
git switch feature,git switch feature,WRONG_ORDER,0,0,1,0,0,0
git omerge f_ature,git merge feature,TYPO,0,0,1,2,0,0
git status --verbose,git status,WRONG_FLAG,0,1,1,10,1,0
git branch feature,git switch feature,PARTIALLY_CORRECT,0,0,1,4,0,0
npm install,"git commit -m ""Add hello.txt""",UNKNOWN,1,0,1,25,-1,-2
git checkout feature,git switch feature,DEPRECATED_USAGE,0,0,1,8,0,0
git push,"git commit -m ""Add hello.txt""",WRONG_SUBCOMMAND,1,0,1,24,-1,-2
git diff -v,git diff,WRONG_FLAG,0,1,1,3,1,0
git branch,git branch feature,MISSING_ARG,0,0,1,8,0,-1
cd ..,"git commit -m ""Add hello.txt""",UNKNOWN,1,0,1,25,-1,-2
git init -f,git init,WRONG_FLAG,0,0,0,3,1,0
git status -v,git status,EXTRA_ARG,0,1,1,3,1,0
git track hello.txt,git add hello.txt,WRONG_SUBCOMMAND,0,1,1,4,0,0
git switch feature,git diff,WRONG_ORDER,0,1,1,12,0,1
git,git status,PARTIALLY_CORRECT,0,1,1,7,0,0
git diff,git diff,SYNTAX_ERROR,0,1,1,0,0,0
git commit --message 'Add hello.txt',"git commit -m ""Add hello.txt""",DEPRECATED_USAGE,1,0,1,9,0,0
git sta,git stash,PARTIALLY_CORRECT,0,1,1,2,0,0
git switch,git switch feature,MISSING_ARG,0,0,1,8,0,-1
"git acommit -m ""Addm hello.txt""","git commit -m ""Add hello.txt""",TYPO,1,0,1,2,0,0
"git commit -m ""Add hello.txt"" --force","git commit -m ""Add hello.txt""",EXTRA_ARG,1,0,1,8,1,0
git log --oneline --force,git log --oneline,EXTRA_ARG,0,0,1,8,1,0
git switch feature,git add hello.txt,WRONG_ORDER,0,1,1,13,0,0
git diff,git diff,CORRECT,0,1,1,0,0,0
git log,git log --oneline,MISSING_ARG,0,0,1,10,-1,0
git merge,git merge feature,PARTIALLY_CORRECT,0,0,1,8,0,-1
git push origin main,git diff,WRONG_ORDER,0,1,1,15,0,2
git status --dry-run,git status,WRONG_FLAG,0,1,1,10,1,0
git diff extra_file.txt,git diff,EXTRA_ARG,0,1,1,15,0,1
git init .,git init,DEPRECATED_USAGE,0,0,0,2,0,1
gitmergefeature,git merge feature,SYNTAX_ERROR,0,0,1,2,0,-1
git switch feature,"git commit -m ""Add hello.txt""",WRONG_ORDER,1,0,1,20,-1,-1
git switch feature,git switch feature,WRONG_CONTEXT_STATE,1,1,0,0,0,0
git,git init,MISSING_ARG,0,0,0,5,0,0
git merge,git merge feature,MISSING_ARG,0,0,1,8,0,-1
git diff -f,git diff,WRONG_FLAG,0,1,1,3,1,0
git diff HEAD,git diff,DEPRECATED_USAGE,0,1,1,5,0,1
git init,git init,WRONG_CONTEXT_STATE,1,1,1,0,0,0
git checkout feature,git switch feature,DEPRECATED_USAGE,0,0,1,8,0,0
git diff,git diff,WRONG_CONTEXT_STATE,1,0,0,0,0,0
cd ..,git diff,UNKNOWN,0,1,1,7,0,0
gitswitchfeature,git switch feature,SYNTAX_ERROR,0,0,1,2,0,-1
git stash,git stash,CORRECT,0,1,1,0,0,0
git add hello.txt,git add hello.txt,CORRECT,0,1,1,0,0,0
git add -u hello.txt,git add hello.txt,DEPRECATED_USAGE,0,1,1,3,1,0
git branch feature --verbose,git branch feature,WRONG_FLAG,0,0,1,10,1,0
git add hello.txt extra_file.txt,git add hello.txt,EXTRA_ARG,0,1,1,15,0,1
git switch feature extra_file.txt,git switch feature,EXTRA_ARG,0,0,1,15,0,1
git merge feature --dry-run,git merge feature,EXTRA_ARG,0,0,1,10,1,0
git diff -f,git diff,WRONG_FLAG,0,1,1,3,1,0
git status,git status,WRONG_CONTEXT_STATE,1,0,0,0,0,0
git merge,git merge feature,PARTIALLY_CORRECT,0,0,1,8,0,-1
git track hello.txt,git add hello.txt,WRONG_SUBCOMMAND,0,1,1,4,0,0
init,git init,PARTIALLY_CORRECT,0,0,0,4,0,0
git push origin main,"git commit -m ""Add hello.txt""",WRONG_ORDER,1,0,1,23,-1,0
git stash --verbose,git stash,WRONG_FLAG,0,1,1,10,1,0
git history,git log --oneline,WRONG_SUBCOMMAND,0,0,1,12,-1,0
git status,git status,CORRECT,0,1,1,0,0,0
git merge main,git diff,WRONG_ORDER,0,1,1,10,0,1
git status,git status,CORRECT,0,1,1,0,0,0
git switch,git switch feature,MISSING_ARG,0,0,1,8,0,-1
git status,git status,WRONG_CONTEXT_STATE,1,0,0,0,0,0
git log,git log --oneline,MISSING_ARG,0,0,1,10,-1,0
git show,git status,WRONG_SUBCOMMAND,0,1,1,5,0,0
git track hello.txt,git add hello.txt,WRONG_SUBCOMMAND,0,1,1,4,0,0
git branch feature --force,git branch feature,EXTRA_ARG,0,0,1,8,1,0
git add hello.txt,git add hello.txt,CORRECT,0,1,1,0,0,0
git diff --force,git diff,EXTRA_ARG,0,1,1,8,1,0
git commit -m 'message',git init,WRONG_ORDER,0,0,0,17,1,1
git add hello.txt -v,git add hello.txt,WRONG_FLAG,0,1,1,3,1,0
girt stash,git stash,TYPO,0,1,1,1,0,0
git swigtch feature,git switch feature,TYPO,0,0,1,1,0,0
pip install requests,git status,UNKNOWN,0,1,1,13,0,1
git diff --force,git diff,EXTRA_ARG,0,1,1,8,1,0
git log --oneline,git log --oneline,WRONG_CONTEXT_STATE,1,1,0,0,0,0
git branch -m feature,git merge feature,PARTIALLY_CORRECT,0,0,1,9,1,0
git switch feature,git switch feature,CORRECT,0,0,1,0,0,0
git stash --all,git stash,EXTRA_ARG,0,1,1,6,1,0
git switch feature,git switch feature,CORRECT,0,0,1,0,0,0
git commit -m 'message',git diff,WRONG_ORDER,0,1,1,18,1,1
gpiet diff,git diff,TYPO,0,1,1,2,0,0
git stash,git stash,SYNTAX_ERROR,0,1,1,0,0,0
git sta,git stash,PARTIALLY_CORRECT,0,1,1,2,0,0
"git commit -m ""Add hello.txt"" extra_file.txt","git commit -m ""Add hello.txt""",EXTRA_ARG,1,0,1,15,0,1
git move feature,git switch feature,WRONG_SUBCOMMAND,0,0,1,6,0,0
git switch feature,git merge feature,WRONG_ORDER,0,0,1,6,0,0
git diff --all,git diff,EXTRA_ARG,0,1,1,6,1,0
git stash save,git stash,DEPRECATED_USAGE,0,1,1,5,0,1
git log,git log --oneline,PARTIALLY_CORRECT,0,0,1,10,-1,0
git commit -m 'message',git branch feature,WRONG_ORDER,0,0,1,16,1,0
git log --pretty=oneline,git log --oneline,DEPRECATED_USAGE,0,0,1,7,0,0
mkdir test,"git commit -m ""Add hello.txt""",UNKNOWN,1,0,1,25,-1,-2
git --add hello.txt,git add hello.txt,SYNTAX_ERROR,0,1,1,2,1,0
git branch feature --verbose,git branch feature,EXTRA_ARG,0,0,1,10,1,0
git merge feature,git merge feature,CORRECT,0,0,1,0,0,0
git --merge feature,git merge feature,SYNTAX_ERROR,0,0,1,2,1,0
git stage hello.txt,git add hello.txt,WRONG_SUBCOMMAND,0,1,1,4,0,0
pwd,git switch feature,UNKNOWN,0,0,1,17,0,-1
git include hello.txt,git add hello.txt,WRONG_SUBCOMMAND,0,1,1,6,0,0
git merge feature,git merge feature,CORRECT,0,0,1,0,0,0
git sta,git stash,PARTIALLY_CORRECT,0,1,1,2,0,0
git add hello.txt --verbose,git add hello.txt,WRONG_FLAG,0,1,1,10,1,0
gitbranchfeature,git branch feature,SYNTAX_ERROR,0,0,1,2,0,-1
git merge feature -v,git merge feature,WRONG_FLAG,0,0,1,3,1,0
git init -v,git init,WRONG_FLAG,0,0,0,3,1,0
git merge,git merge feature,MISSING_ARG,0,0,1,8,0,-1
git init,git init,WRONG_CONTEXT_STATE,1,1,1,0,0,0
git switch,git switch feature,PARTIALLY_CORRECT,0,0,1,8,0,-1
git commit,"git commit -m ""Add hello.txt""",PARTIALLY_CORRECT,1,0,1,19,-1,-2
git add hello.txt -f,git add hello.txt,WRONG_FLAG,0,1,1,3,1,0
git status,git status,CORRECT,0,1,1,0,0,0
git,git status,PARTIALLY_CORRECT,0,1,1,7,0,0
gitylog --onelline,git log --oneline,TYPO,0,0,1,2,0,0
git push origin main,git switch feature,WRONG_ORDER,0,0,1,15,0,1
echo hello,git init,UNKNOWN,0,0,0,9,0,0
git merge main,"git commit -m ""Add hello.txt""",WRONG_ORDER,1,0,1,23,-1,-1
git status -f,git status,WRONG_FLAG,0,1,1,3,1,0
git merge feature,git merge feature,CORRECT,0,0,1,0,0,0
mkdir test,"git commit -m ""Add hello.txt""",UNKNOWN,1,0,1,25,-1,-2
git --init,git init,SYNTAX_ERROR,0,0,0,2,1,0
git add hello.txt --all,git add hello.txt,EXTRA_ARG,0,1,1,6,1,0
git branch feature,git branch feature,WRONG_CONTEXT_STATE,1,1,0,0,0,0
git push,"git commit -m ""Add hello.txt""",WRONG_SUBCOMMAND,1,0,1,24,-1,-2
git switch feature,"git commit -m ""Add hello.txt""",WRONG_ORDER,1,0,1,20,-1,-1
git switch feature,git switch feature,WRONG_CONTEXT_STATE,1,1,0,0,0,0
git merge wfeature,git merge feature,TYPO,0,0,1,1,0,0
git --add hello.txt,git add hello.txt,SYNTAX_ERROR,0,1,1,2,1,0
git branch feature --all,git branch feature,EXTRA_ARG,0,0,1,6,1,0
git commit,"git commit -m ""Add hello.txt""",PARTIALLY_CORRECT,1,0,1,19,-1,-2
git branch feature,git branch feature,CORRECT,0,0,1,0,0,0
rm -rf test,git switch feature,UNKNOWN,0,0,1,14,1,0
git log,git log --oneline,MISSING_ARG,0,0,1,10,-1,0
git merge,git merge feature,MISSING_ARG,0,0,1,8,0,-1
git diff -f,git diff,WRONG_FLAG,0,1,1,3,1,0
git save,"git commit -m ""Add hello.txt""",WRONG_SUBCOMMAND,1,0,1,24,-1,-2
pwd,git switch feature,UNKNOWN,0,0,1,17,0,-1
"git commit -w ""Add hello.txt""","git commit -m ""Add hello.txt""",WRONG_FLAG,1,0,1,1,0,0
git branch,git branch feature,PARTIALLY_CORRECT,0,0,1,8,0,-1
echo hello,git merge feature,UNKNOWN,0,0,1,14,0,-1
git log --oneline,git log --oneline,CORRECT,0,0,1,0,0,0
gitgit add hello.txt,git add hello.txt,SYNTAX_ERROR,0,1,1,3,0,0
git push origin main,git log --oneline,WRONG_ORDER,0,0,1,13,-1,2
git add hello.txt --verbose,git add hello.txt,WRONG_FLAG,0,1,1,10,1,0
"git commit -m ""Add","git commit -m ""Add hello.txt""",MISSING_ARG,1,0,1,11,0,-1
ls -la,git branch feature,UNKNOWN,0,0,1,16,1,-1
git status -s,git status,DEPRECATED_USAGE,0,1,1,3,1,0
git save-work,git stash,WRONG_SUBCOMMAND,0,1,1,8,0,0
git snapshot,"git commit -m ""Add hello.txt""",WRONG_SUBCOMMAND,1,0,1,22,-1,-2
git changes,git diff,WRONG_SUBCOMMAND,0,1,1,7,0,0
git log --oneline,git log --oneline,WRONG_CONTEXT_STATE,1,1,0,0,0,0
git include hello.txt,git add hello.txt,WRONG_SUBCOMMAND,0,1,1,6,0,0
git info,git status,WRONG_SUBCOMMAND,0,1,1,6,0,0
git merge main,git stash,WRONG_ORDER,0,1,1,9,0,1
"git commit -m ""Add hello.txt""","git commit -m ""Add hello.txt""",CORRECT,1,0,1,0,0,0
cd ..,git add hello.txt,UNKNOWN,0,1,1,14,0,-1
git start,git init,WRONG_SUBCOMMAND,0,0,0,4,0,0
git init,git init,CORRECT,0,0,0,0,0,0
$ git add hello.txt,git add hello.txt,SYNTAX_ERROR,0,1,1,2,0,1
gitgit add hello.txt,git add hello.txt,SYNTAX_ERROR,0,1,1,3,0,0
git init --dry-run,git init,WRONG_FLAG,0,0,0,10,1,0
git changes,git diff,WRONG_SUBCOMMAND,0,1,1,7,0,0
git commit --message 'Add hello.txt',"git commit -m ""Add hello.txt""",DEPRECATED_USAGE,1,0,1,9,0,0
git commit --message 'Add hello.txt',"git commit -m ""Add hello.txt""",DEPRECATED_USAGE,1,0,1,9,0,0
git branch feature,git switch feature,PARTIALLY_CORRECT,0,0,1,4,0,0
"gitcommit-m""Addhello.txt""","git commit -m ""Add hello.txt""",SYNTAX_ERROR,1,0,1,4,-1,-2
git,git diff,MISSING_ARG,0,1,1,5,0,0
git switch feature,git diff,WRONG_ORDER,0,1,1,12,0,1
pip install requests,"git commit -m ""Add hello.txt""",UNKNOWN,1,0,1,23,-1,-1
git add hello.txt -v,git add hello.txt,WRONG_FLAG,0,1,1,3,1,0
git combine feature,git merge feature,WRONG_SUBCOMMAND,0,0,1,5,0,0
git commit,"git commit -m ""Add hello.txt""",PARTIALLY_CORRECT,1,0,1,19,-1,-2
git add hello.txt --dry-run,git add hello.txt,WRONG_FLAG,0,1,1,10,1,0
git log --oneline,git log --oneline,CORRECT,0,0,1,0,0,0
"gitcommit-m""Addhello.txt""","git commit -m ""Add hello.txt""",SYNTAX_ERROR,1,0,1,4,-1,-2
git log --oneline --verbose,git log --oneline,EXTRA_ARG,0,0,1,10,1,0
git diff --dry-run,git diff,WRONG_FLAG,0,1,1,10,1,0
git wstatus,git status,TYPO,0,1,1,1,0,0
gitlog--oneline,git log --oneline,SYNTAX_ERROR,0,0,1,2,-1,0
status,git status,PARTIALLY_CORRECT,0,1,1,4,0,0
mkdir test,git diff,UNKNOWN,0,1,1,8,0,0
git,git diff,MISSING_ARG,0,1,1,5,0,0
git ktatus,git status,TYPO,0,1,1,1,0,0
gir switch feature,git switch feature,TYPO,0,0,1,1,0,0
cd ..,git branch feature,UNKNOWN,0,0,1,16,0,-1
git status --all,git status,EXTRA_ARG,0,1,1,6,1,0
$ git stash,git stash,SYNTAX_ERROR,0,1,1,2,0,1
git log,git log --oneline,MISSING_ARG,0,0,1,10,-1,0
git status,git status,WRONG_CONTEXT_STATE,1,0,0,0,0,0
git push origin main,git switch feature,WRONG_ORDER,0,0,1,15,0,1
git stash,git stash,SYNTAX_ERROR,0,1,1,0,0,0
git log=--oneline,git log --oneline,SYNTAX_ERROR,0,0,1,1,-1,0
git merge feature,git merge feature,WRONG_CONTEXT_STATE,1,1,0,0,0,0
git add,git add hello.txt,MISSING_ARG,0,1,1,10,0,-1
git include hello.txt,git add hello.txt,WRONG_SUBCOMMAND,0,1,1,6,0,0
git switch feature,git branch feature,WRONG_ORDER,0,0,1,4,0,0
git merge feature -v,git merge feature,EXTRA_ARG,0,0,1,3,1,0
git init,git init,CORRECT,0,0,0,0,0,0
git,git init,MISSING_ARG,0,0,0,5,0,0
ls -la,git add hello.txt,UNKNOWN,0,1,1,15,1,-1
git switcd xeature,git switch feature,TYPO,0,0,1,2,0,0
git branch=feature,git branch feature,SYNTAX_ERROR,0,0,1,1,0,-1
git,git status,PARTIALLY_CORRECT,0,1,1,7,0,0
git branch,git branch feature,MISSING_ARG,0,0,1,8,0,-1
git,git stash,MISSING_ARG,0,1,1,6,0,0
"git commit -w ""Add hello.txt""","git commit -m ""Add hello.txt""",WRONG_FLAG,1,0,1,1,0,0
git branch feature,git switch feature,PARTIALLY_CORRECT,0,0,1,4,0,0
gitgit merge feature,git merge feature,SYNTAX_ERROR,0,0,1,3,0,0
git commit,"git commit -m ""Add hello.txt""",PARTIALLY_CORRECT,1,0,1,19,-1,-2
git move feature,git switch feature,WRONG_SUBCOMMAND,0,0,1,6,0,0
git add aellotxt,git add hello.txt,TYPO,0,1,1,2,0,0
git initialize,git init,WRONG_SUBCOMMAND,0,0,0,6,0,0
git --switch feature,git switch feature,SYNTAX_ERROR,0,0,1,2,1,0
git push origin main,"git commit -m ""Add hello.txt""",WRONG_ORDER,1,0,1,23,-1,0
git add hello.txt,git add hello.txt,WRONG_CONTEXT_STATE,1,0,0,0,0,0
git switch feature,git status,WRONG_ORDER,0,1,1,9,0,1
git branch,git branch feature,MISSING_ARG,0,0,1,8,0,-1
git switch feature -v,git switch feature,EXTRA_ARG,0,0,1,3,1,0
git add -u hello.txt,git add hello.txt,DEPRECATED_USAGE,0,1,1,3,1,0
ls -la,"git commit -m ""Add hello.txt""",UNKNOWN,1,0,1,26,0,-2
git,git stash,MISSING_ARG,0,1,1,6,0,0
git --stash,git stash,SYNTAX_ERROR,0,1,1,2,1,0
git checkout feature,git switch feature,DEPRECATED_USAGE,0,0,1,8,0,0
git merge feature,git merge feature,CORRECT,0,0,1,0,0,0
gkit stash,git stash,TYPO,0,1,1,1,0,0
git merge feature,git merge feature,WRONG_CONTEXT_STATE,1,1,0,0,0,0
git branch -b feature,git branch feature,DEPRECATED_USAGE,0,0,1,3,1,0
git init --verbose,git init,WRONG_FLAG,0,0,0,10,1,0
git add jhello.txt,git add hello.txt,TYPO,0,1,1,1,0,0
git log,git log --oneline,PARTIALLY_CORRECT,0,0,1,10,-1,0
git log,git log --oneline,PARTIALLY_CORRECT,0,0,1,10,-1,0
mkdir test,git log --oneline,UNKNOWN,0,0,1,15,-1,0
git add hello.txt extra_file.txt,git add hello.txt,EXTRA_ARG,0,1,1,15,0,1
git merge main,git init,WRONG_ORDER,0,0,0,9,0,1
git switch feature -v,git switch feature,WRONG_FLAG,0,0,1,3,1,0
git switch feature,git switch feature,WRONG_CONTEXT_STATE,1,1,0,0,0,0
python script.py,git add hello.txt,UNKNOWN,0,1,1,15,0,-1
gitgit branch feature,git branch feature,SYNTAX_ERROR,0,0,1,3,0,0
status,git status,PARTIALLY_CORRECT,0,1,1,4,0,0
git pstah,git stash,TYPO,0,1,1,2,0,0
git,git init,PARTIALLY_CORRECT,0,0,0,5,0,0
git branch -b feature,git branch feature,DEPRECATED_USAGE,0,0,1,3,1,0
"git commit -m ""Add","git commit -m ""Add hello.txt""",MISSING_ARG,1,0,1,11,0,-1
git stash,git stash,CORRECT,0,1,1,0,0,0
git add hello.txt --all,git add hello.txt,EXTRA_ARG,0,1,1,6,1,0
git branch feature,git branch feature,WRONG_CONTEXT_STATE,1,1,0,0,0,0
git add hello.txt,git add hello.txt,CORRECT,0,1,1,0,0,0
git log --oneline -v,git log --oneline,EXTRA_ARG,0,0,1,3,1,0
git init .,git init,DEPRECATED_USAGE,0,0,0,2,0,1
git merge feature --force,git merge feature,EXTRA_ARG,0,0,1,8,1,0
git switch,git switch feature,PARTIALLY_CORRECT,0,0,1,8,0,-1
git merge main,git init,WRONG_ORDER,0,0,0,9,0,1
git diff --verbose,git diff,EXTRA_ARG,0,1,1,10,1,0
git init .,git init,DEPRECATED_USAGE,0,0,0,2,0,1
git create feature,git branch feature,WRONG_SUBCOMMAND,0,0,1,5,0,0
git add hello.txt,git add hello.txt,CORRECT,0,1,1,0,0,0
git add,git add hello.txt,MISSING_ARG,0,1,1,10,0,-1
git merge feature,git merge feature,TYPO,0,0,1,0,0,0
git switch,git switch feature,PARTIALLY_CORRECT,0,0,1,8,0,-1
git,git status,MISSING_ARG,0,1,1,7,0,0
git merge feature,git merge feature,WRONG_CONTEXT_STATE,1,1,0,0,0,0
rm -rf test,git status,UNKNOWN,0,1,1,9,1,1
cat hello.txt,git status,UNKNOWN,0,1,1,10,0,0
git merge feature,git merge feature,WRONG_CONTEXT_STATE,1,1,0,0,0,0
git switch,git switch feature,PARTIALLY_CORRECT,0,0,1,8,0,-1
mkdir test,git switch feature,UNKNOWN,0,0,1,14,0,-1
git sdash,git stash,TYPO,0,1,1,1,0,0
git --branch feature,git branch feature,SYNTAX_ERROR,0,0,1,2,1,0
git diff --verbose,git diff,WRONG_FLAG,0,1,1,10,1,0
git diff HEAD,git diff,DEPRECATED_USAGE,0,1,1,5,0,1
git merge,git merge feature,MISSING_ARG,0,0,1,8,0,-1
gitstatus,git status,SYNTAX_ERROR,0,1,1,1,0,0
git merge main,git merge feature,WRONG_ORDER,0,0,1,6,0,0
git init .,git init,DEPRECATED_USAGE,0,0,0,2,0,1
git checkout feature,git switch feature,DEPRECATED_USAGE,0,0,1,8,0,0
git merge,git merge feature,MISSING_ARG,0,0,1,8,0,-1
git branch feature -v,git branch feature,WRONG_FLAG,0,0,1,3,1,0
git log --oneline,git log --oneline,CORRECT,0,0,1,0,0,0
git commit --message 'Add hello.txt',"git commit -m ""Add hello.txt""",DEPRECATED_USAGE,1,0,1,9,0,0
git setup,git init,WRONG_SUBCOMMAND,0,0,0,5,0,0
git switch feature,git switch feature,WRONG_CONTEXT_STATE,1,1,0,0,0,0
git log -F,git log --oneline,WRONG_FLAG,0,0,1,8,0,0
git status,git status,WRONG_CONTEXT_STATE,1,0,0,0,0,0
git switch feature,git switch feature,SYNTAX_ERROR,0,0,1,0,0,0
git sta,git stash,PARTIALLY_CORRECT,0,1,1,2,0,0
git branch feature,git branch feature,WRONG_CONTEXT_STATE,1,1,0,0,0,0
"$ git commit -m ""Add hello.txt""","git commit -m ""Add hello.txt""",SYNTAX_ERROR,1,0,1,2,0,1
git create feature,git branch feature,WRONG_SUBCOMMAND,0,0,1,5,0,0
git setup,git init,WRONG_SUBCOMMAND,0,0,0,5,0,0
git init --verbose,git init,WRONG_FLAG,0,0,0,10,1,0
ls -la,git diff,UNKNOWN,0,1,1,7,1,0
git stash extra_file.txt,git stash,EXTRA_ARG,0,1,1,15,0,1
git state,git status,WRONG_SUBCOMMAND,0,1,1,2,0,0
echo hello,git stash,UNKNOWN,0,1,1,9,0,0
ls -la,git switch feature,UNKNOWN,0,0,1,15,1,-1
cat hello.txt,git branch feature,UNKNOWN,0,0,1,15,0,-1
git status -f,git status,WRONG_FLAG,0,1,1,3,1,0
gitgit diff,git diff,SYNTAX_ERROR,0,1,1,3,0,0
"git commit -m ""Add hello.txt""","git commit -m ""Add hello.txt""",WRONG_CONTEXT_STATE,0,1,0,0,0,0
git diff,git diff,SYNTAX_ERROR,0,1,1,0,0,0
git stash,git stash,CORRECT,0,1,1,0,0,0
git push origin main,"git commit -m ""Add hello.txt""",WRONG_ORDER,1,0,1,23,-1,0
git setup,git init,WRONG_SUBCOMMAND,0,0,0,5,0,0
gi branch festure,git branch feature,TYPO,0,0,1,2,0,0
git add hello.txt -v,git add hello.txt,EXTRA_ARG,0,1,1,3,1,0
"git commit -m ""Add","git commit -m ""Add hello.txt""",MISSING_ARG,1,0,1,11,0,-1
git diff,git diff,WRONG_CONTEXT_STATE,1,0,0,0,0,0
git init,git init,WRONG_CONTEXT_STATE,1,1,1,0,0,0
git merge,git merge feature,PARTIALLY_CORRECT,0,0,1,8,0,-1
git switch feature,git switch feature,WRONG_CONTEXT_STATE,1,1,0,0,0,0
pwd,git log --oneline,UNKNOWN,0,0,1,17,-1,0
git morge featue,git merge feature,TYPO,0,0,1,2,0,0
git ranch featurve,git branch feature,TYPO,0,0,1,2,0,0
git log --oneline --all,git log --oneline,EXTRA_ARG,0,0,1,6,1,0
git --branch feature,git branch feature,SYNTAX_ERROR,0,0,1,2,1,0
git merge feature --dry-run,git merge feature,EXTRA_ARG,0,0,1,10,1,0
git log -F,git log --oneline,WRONG_FLAG,0,0,1,8,0,0
git commit -m 'message',git merge feature,WRONG_ORDER,0,0,1,15,1,0
git log --oneline --verbose,git log --oneline,EXTRA_ARG,0,0,1,10,1,0
git init -f,git init,WRONG_FLAG,0,0,0,3,1,0
git diff,git diff,WRONG_CONTEXT_STATE,1,0,0,0,0,0
git check,git status,WRONG_SUBCOMMAND,0,1,1,6,0,0
rm -rf test,git status,UNKNOWN,0,1,1,9,1,1
git merge,git merge feature,MISSING_ARG,0,0,1,8,0,-1
git diff --verbose,git diff,WRONG_FLAG,0,1,1,10,1,0
git switch,git switch feature,PARTIALLY_CORRECT,0,0,1,8,0,-1
git switch feature,git stash,WRONG_ORDER,0,1,1,11,0,1
git,git status,MISSING_ARG,0,1,1,7,0,0
rm -rf test,git init,UNKNOWN,0,0,0,9,1,1
git switch,git switch feature,MISSING_ARG,0,0,1,8,0,-1
pwd,git init,UNKNOWN,0,0,0,8,0,0
git track hello.txt,git add hello.txt,WRONG_SUBCOMMAND,0,1,1,4,0,0
git init,git init,WRONG_CONTEXT_STATE,1,1,1,0,0,0
git init,git init,WRONG_CONTEXT_STATE,1,1,1,0,0,0
git switch,git switch feature,MISSING_ARG,0,0,1,8,0,-1
git diff --verbose,git diff,WRONG_FLAG,0,1,1,10,1,0
git branch feature -v,git branch feature,WRONG_FLAG,0,0,1,3,1,0
git bcranch feature,git branch feature,TYPO,0,0,1,1,0,0
gi merge feature,git merge feature,TYPO,0,0,1,1,0,0
git init,git init,WRONG_CONTEXT_STATE,1,1,1,0,0,0
echo hello,git log --oneline,UNKNOWN,0,0,1,13,-1,0
git log,git log --oneline,MISSING_ARG,0,0,1,10,-1,0
git merge featiure,git merge feature,TYPO,0,0,1,1,0,0
git stash,git stash,CORRECT,0,1,1,0,0,0
"git commit -m ""Add hello.txt""","git commit -m ""Add hello.txt""",CORRECT,1,0,1,0,0,0
git,git status,MISSING_ARG,0,1,1,7,0,0
git commit --message 'Add hello.txt',"git commit -m ""Add hello.txt""",DEPRECATED_USAGE,1,0,1,9,0,0
git switch,git switch feature,MISSING_ARG,0,0,1,8,0,-1
$ git switch feature,git switch feature,SYNTAX_ERROR,0,0,1,2,0,1
git branch,git branch feature,MISSING_ARG,0,0,1,8,0,-1
git switch feature,git switch feature,CORRECT,0,0,1,0,0,0
git merge --no-ff feature,git merge feature,DEPRECATED_USAGE,0,0,1,8,1,0
git init,git init,CORRECT,0,0,0,0,0,0
git stash --dry-run,git stash,EXTRA_ARG,0,1,1,10,1,0
"git commit -m ""Add hello.txt"" --dry-run","git commit -m ""Add hello.txt""",EXTRA_ARG,1,0,1,10,1,0
"git commit -m ""Add hello.txt"" --all","git commit -m ""Add hello.txt""",EXTRA_ARG,1,0,1,6,1,0
git status,git status,CORRECT,0,1,1,0,0,0
gitgit init,git init,SYNTAX_ERROR,0,0,0,3,0,0
git record,"git commit -m ""Add hello.txt""",WRONG_SUBCOMMAND,1,0,1,23,-1,-2
git switch,git switch feature,PARTIALLY_CORRECT,0,0,1,8,0,-1
git status --dry-run,git status,WRONG_FLAG,0,1,1,10,1,0
git,git stash,MISSING_ARG,0,1,1,6,0,0
git banch feature,git branch feature,TYPO,0,0,1,1,0,0
git merge feature,git merge feature,CORRECT,0,0,1,0,0,0
git stash --force,git stash,EXTRA_ARG,0,1,1,8,1,0
git push origin main,git switch feature,WRONG_ORDER,0,0,1,15,0,1
git log --oneline,git log --oneline,CORRECT,0,0,1,0,0,0
git merge main,git diff,WRONG_ORDER,0,1,1,10,0,1
git stash,git stash,WRONG_CONTEXT_STATE,1,0,0,0,0,0
gwt iit,git init,TYPO,0,0,0,2,0,0
git log --oneline,git log --oneline,CORRECT,0,0,1,0,0,0
git go feature,git switch feature,WRONG_SUBCOMMAND,0,0,1,6,0,0
npm install,git log --oneline,UNKNOWN,0,0,1,15,-1,0
git init --verbose,git init,WRONG_FLAG,0,0,0,10,1,0
git switch,git switch feature,MISSING_ARG,0,0,1,8,0,-1
git init -v,git init,WRONG_FLAG,0,0,0,3,1,0
git log --oneline,git log --oneline,SYNTAX_ERROR,0,0,1,0,0,0
git stash,git stash,CORRECT,0,1,1,0,0,0
git status -v,git status,WRONG_FLAG,0,1,1,3,1,0
gitgit branch feature,git branch feature,SYNTAX_ERROR,0,0,1,3,0,0
git status -s,git status,DEPRECATED_USAGE,0,1,1,3,1,0
git branch feature,git branch feature,CORRECT,0,0,1,0,0,0
"git commit -w ""Add hello.txt""","git commit -m ""Add hello.txt""",WRONG_FLAG,1,0,1,1,0,0
git switch feature -v,git switch feature,WRONG_FLAG,0,0,1,3,1,0
git status -s,git status,DEPRECATED_USAGE,0,1,1,3,1,0
pip install requests,git switch feature,UNKNOWN,0,0,1,15,0,0
git create feature,git branch feature,WRONG_SUBCOMMAND,0,0,1,5,0,0
git branch -b feature,git branch feature,DEPRECATED_USAGE,0,0,1,3,1,0
git mirge featre,git merge feature,TYPO,0,0,1,2,0,0
git inix,git init,TYPO,0,0,0,1,0,0
"git commit -m ""Add hello.txt""","git commit -m ""Add hello.txt""",WRONG_CONTEXT_STATE,0,1,0,0,0,0
mkdir test,git branch feature,UNKNOWN,0,0,1,14,0,-1
git switch feature,git init,WRONG_ORDER,0,0,0,12,0,1
npm install,git merge feature,UNKNOWN,0,0,1,14,0,-1
gitdiff,git diff,SYNTAX_ERROR,0,1,1,1,0,0
git push origin main,git log --oneline,WRONG_ORDER,0,0,1,13,-1,2
git merge --no-ff feature,git merge feature,DEPRECATED_USAGE,0,0,1,8,1,0
git commit,"git commit -m ""Add hello.txt""",PARTIALLY_CORRECT,1,0,1,19,-1,-2
git log --oneline,git log --oneline,CORRECT,0,0,1,0,0,0
git shelve,git stash,WRONG_SUBCOMMAND,0,1,1,5,0,0
git commits,git log --oneline,WRONG_SUBCOMMAND,0,0,1,11,-1,0
git status -s,git status,DEPRECATED_USAGE,0,1,1,3,1,0
git sta,git stash,PARTIALLY_CORRECT,0,1,1,2,0,0
rm -rf test,"git commit -m ""Add hello.txt""",UNKNOWN,1,0,1,23,0,-1
git push origin main,git init,WRONG_ORDER,0,0,0,13,0,2
"git commit -m ""Add hello.txt"" --force","git commit -m ""Add hello.txt""",EXTRA_ARG,1,0,1,8,1,0
git commit -m,"git commit -m ""Add hello.txt""",PARTIALLY_CORRECT,1,0,1,16,0,-2
git log --oneline --all,git log --oneline,EXTRA_ARG,0,0,1,6,1,0
git switch feature,git switch feature,WRONG_CONTEXT_STATE,1,1,0,0,0,0
git add .txt,git add hello.txt,PARTIALLY_CORRECT,0,1,1,5,0,0
git merge feature,git merge feature,WRONG_CONTEXT_STATE,1,1,0,0,0,0
git merge,git merge feature,PARTIALLY_CORRECT,0,0,1,8,0,-1
git add hello.txt --dry-run,git add hello.txt,WRONG_FLAG,0,1,1,10,1,0
git stat,git status,WRONG_SUBCOMMAND,0,1,1,2,0,0
git push origin main,git stash,WRONG_ORDER,0,1,1,14,0,2
git show-diff,git diff,WRONG_SUBCOMMAND,0,1,1,5,0,0
git branch -b feature,git branch feature,DEPRECATED_USAGE,0,0,1,3,1,0
git log --oneline,git log --oneline,CORRECT,0,0,1,0,0,0
git state,git status,WRONG_SUBCOMMAND,0,1,1,2,0,0
git add .txt,git add hello.txt,PARTIALLY_CORRECT,0,1,1,5,0,0
git branch feature extra_file.txt,git branch feature,EXTRA_ARG,0,0,1,15,0,1
git history,git log --oneline,WRONG_SUBCOMMAND,0,0,1,12,-1,0
git stash,git stash,WRONG_CONTEXT_STATE,1,0,0,0,0,0
git merge feature,git merge feature,WRONG_CONTEXT_STATE,1,1,0,0,0,0
git status,git status,WRONG_CONTEXT_STATE,1,0,0,0,0,0
git stash,git stash,CORRECT,0,1,1,0,0,0
$ git switch feature,git switch feature,SYNTAX_ERROR,0,0,1,2,0,1
git diff,git diff,WRONG_CONTEXT_STATE,1,0,0,0,0,0
git status --dry-run,git status,WRONG_FLAG,0,1,1,10,1,0
git merge main,git log --oneline,WRONG_ORDER,0,0,1,11,-1,1
git log,git log --oneline,MISSING_ARG,0,0,1,10,-1,0
git init,git init,CORRECT,0,0,0,0,0,0
"git commit -m ""Add","git commit -m ""Add hello.txt""",MISSING_ARG,1,0,1,11,0,-1
git isvt,git init,TYPO,0,0,0,2,0,0
git stash,git stash,WRONG_CONTEXT_STATE,1,0,0,0,0,0
git stash,git stash,WRONG_CONTEXT_STATE,1,0,0,0,0,0
"$ git commit -m ""Add hello.txt""","git commit -m ""Add hello.txt""",SYNTAX_ERROR,1,0,1,2,0,1
git diff -v,git diff,EXTRA_ARG,0,1,1,3,1,0
git init,git init,CORRECT,0,0,0,0,0,0
npm install,git switch feature,UNKNOWN,0,0,1,15,0,-1
git log -oneline,git log --oneline,TYPO,0,0,1,1,0,0
mkdir test,git init,UNKNOWN,0,0,0,7,0,0
diff,git diff,PARTIALLY_CORRECT,0,1,1,4,0,0
git save-work,git stash,WRONG_SUBCOMMAND,0,1,1,8,0,0
python script.py,"git commit -m ""Add hello.txt""",UNKNOWN,1,0,1,25,-1,-2
status,git status,PARTIALLY_CORRECT,0,1,1,4,0,0
git branch,git branch feature,PARTIALLY_CORRECT,0,0,1,8,0,-1
gi add hello.txt,git add hello.txt,TYPO,0,1,1,1,0,0
git merge --no-ff feature,git merge feature,DEPRECATED_USAGE,0,0,1,8,1,0
git push origin main,git branch feature,WRONG_ORDER,0,0,1,16,0,1
git branch feature,git branch feature,WRONG_CONTEXT_STATE,1,1,0,0,0,0
git d-ff,git diff,TYPO,0,1,1,1,0,0
mkdir test,git add hello.txt,UNKNOWN,0,1,1,14,0,-1
git commit -m 'message',git init,WRONG_ORDER,0,0,0,17,1,1
git diff -v,git diff,WRONG_FLAG,0,1,1,3,1,0
git log,git log --oneline,PARTIALLY_CORRECT,0,0,1,10,-1,0
git commit -m Add hello.txt,"git commit -m ""Add hello.txt""",SYNTAX_ERROR,1,0,1,2,0,0
diff,git diff,PARTIALLY_CORRECT,0,1,1,4,0,0
git diff --force,git diff,EXTRA_ARG,0,1,1,8,1,0
git init .,git init,DEPRECATED_USAGE,0,0,0,2,0,1
"git --commit -m ""Add hello.txt""","git commit -m ""Add hello.txt""",SYNTAX_ERROR,1,0,1,2,1,0
git add -u hello.txt,git add hello.txt,DEPRECATED_USAGE,0,1,1,3,1,0
git log -F,git log --oneline,WRONG_FLAG,0,0,1,8,0,0
git log -F,git log --oneline,WRONG_FLAG,0,0,1,8,0,0
"git commit=-m=""Add=hello.txt""","git commit -m ""Add hello.txt""",SYNTAX_ERROR,1,0,1,3,-1,-2
git erge fepture,git merge feature,TYPO,0,0,1,2,0,0
git status --verbose,git status,EXTRA_ARG,0,1,1,10,1,0
git branch -b feature,git branch feature,DEPRECATED_USAGE,0,0,1,3,1,0
git init,git init,CORRECT,0,0,0,0,0,0
git switch feature,git switch feature,WRONG_CONTEXT_STATE,1,1,0,0,0,0
git switch feature,git switch feature,WRONG_CONTEXT_STATE,1,1,0,0,0,0
git status,git status,WRONG_CONTEXT_STATE,1,0,0,0,0,0
init,git init,PARTIALLY_CORRECT,0,0,0,4,0,0
"git commit -m ""Add hello.txt""","git commit -m ""Add hello.txt""",CORRECT,1,0,1,0,0,0
git wmerge featwre,git merge feature,TYPO,0,0,1,2,0,0
git add hello.txt extra_file.txt,git add hello.txt,EXTRA_ARG,0,1,1,15,0,1
gic diff,git diff,TYPO,0,1,1,1,0,0
git diff HEAD,git diff,DEPRECATED_USAGE,0,1,1,5,0,1
git merge feature --dry-run,git merge feature,EXTRA_ARG,0,0,1,10,1,0
git record,"git commit -m ""Add hello.txt""",WRONG_SUBCOMMAND,1,0,1,23,-1,-2
git stash,git stash,WRONG_CONTEXT_STATE,1,0,0,0,0,0
git --init,git init,SYNTAX_ERROR,0,0,0,2,1,0
git log --pretty=oneline,git log --oneline,DEPRECATED_USAGE,0,0,1,7,0,0
git add -u hello.txt,git add hello.txt,DEPRECATED_USAGE,0,1,1,3,1,0
git switch feature --all,git switch feature,EXTRA_ARG,0,0,1,6,1,0
git branch=feature,git branch feature,SYNTAX_ERROR,0,0,1,1,0,-1
geit sash,git stash,TYPO,0,1,1,2,0,0
git --init,git init,SYNTAX_ERROR,0,0,0,2,1,0
$ git init,git init,SYNTAX_ERROR,0,0,0,2,0,1
git branch feature -v,git branch feature,WRONG_FLAG,0,0,1,3,1,0
git log --oneline,git log --oneline,WRONG_CONTEXT_STATE,1,1,0,0,0,0
git switch feature --dry-run,git switch feature,WRONG_FLAG,0,0,1,10,1,0
git merge main,git diff,WRONG_ORDER,0,1,1,10,0,1
git hide,git stash,WRONG_SUBCOMMAND,0,1,1,5,0,0
git push origin main,git stash,WRONG_ORDER,0,1,1,14,0,2
git,git stash,MISSING_ARG,0,1,1,6,0,0
git stage hello.txt,git add hello.txt,WRONG_SUBCOMMAND,0,1,1,4,0,0
git stash save,git stash,DEPRECATED_USAGE,0,1,1,5,0,1
git sta,git stash,PARTIALLY_CORRECT,0,1,1,2,0,0
git init --all,git init,EXTRA_ARG,0,0,0,6,1,0
"git commit -m ""Add hello.txt""","git commit -m ""Add hello.txt""",CORRECT,1,0,1,0,0,0
git add -u hello.txt,git add hello.txt,DEPRECATED_USAGE,0,1,1,3,1,0
git create feature,git branch feature,WRONG_SUBCOMMAND,0,0,1,5,0,0
git --diff,git diff,SYNTAX_ERROR,0,1,1,2,1,0
git commits,git log --oneline,WRONG_SUBCOMMAND,0,0,1,11,-1,0
git add,git add hello.txt,MISSING_ARG,0,1,1,10,0,-1
git init,git init,WRONG_CONTEXT_STATE,1,1,1,0,0,0
git,git diff,MISSING_ARG,0,1,1,5,0,0
git show,git status,WRONG_SUBCOMMAND,0,1,1,5,0,0
git add .txt,git add hello.txt,PARTIALLY_CORRECT,0,1,1,5,0,0
git,git status,MISSING_ARG,0,1,1,7,0,0
git status -s,git status,DEPRECATED_USAGE,0,1,1,3,1,0
git merge feature --force,git merge feature,EXTRA_ARG,0,0,1,8,1,0
git commit,"git commit -m ""Add hello.txt""",PARTIALLY_CORRECT,1,0,1,19,-1,-2
git add hello.txt,git add hello.txt,CORRECT,0,1,1,0,0,0
git info,git status,WRONG_SUBCOMMAND,0,1,1,6,0,0
git merge feature,git merge feature,WRONG_CONTEXT_STATE,1,1,0,0,0,0
git status,git status,TYPO,0,1,1,0,0,0
git show-log,git log --oneline,WRONG_SUBCOMMAND,0,0,1,11,-1,0
git branch feature -v,git branch feature,WRONG_FLAG,0,0,1,3,1,0
git merge main,git switch feature,WRONG_ORDER,0,0,1,12,0,0
git branch feature,git branch feature,WRONG_CONTEXT_STATE,1,1,0,0,0,0
git merge feature --verbose,git merge feature,WRONG_FLAG,0,0,1,10,1,0
"git commit -m ""Add","git commit -m ""Add hello.txt""",MISSING_ARG,1,0,1,11,0,-1
git commit -m 'message',git branch feature,WRONG_ORDER,0,0,1,16,1,0
git merge main,git stash,WRONG_ORDER,0,1,1,9,0,1
git add=hello.txt,git add hello.txt,SYNTAX_ERROR,0,1,1,1,0,-1
ls -la,"git commit -m ""Add hello.txt""",UNKNOWN,1,0,1,26,0,-2
"git commit -m ""Add hello.txt""","git commit -m ""Add hello.txt""",WRONG_CONTEXT_STATE,0,1,0,0,0,0
git log --oneline,git log --oneline,CORRECT,0,0,1,0,0,0
git switch feature,git switch feature,WRONG_CONTEXT_STATE,1,1,0,0,0,0
git push origin main,git init,WRONG_ORDER,0,0,0,13,0,2
diff,git diff,PARTIALLY_CORRECT,0,1,1,4,0,0
git stash save,git stash,DEPRECATED_USAGE,0,1,1,5,0,1
git state,git status,WRONG_SUBCOMMAND,0,1,1,2,0,0
git commit -m 'message',git merge feature,WRONG_ORDER,0,0,1,15,1,0
git add hello.txt,git add hello.txt,SYNTAX_ERROR,0,1,1,0,0,0
"git commit -w ""Add hello.txt""","git commit -m ""Add hello.txt""",WRONG_FLAG,1,0,1,1,0,0
git diff,git diff,WRONG_CONTEXT_STATE,1,0,0,0,0,0
git nranch featurm,git branch feature,TYPO,0,0,1,2,0,0
git stash,git stash,CORRECT,0,1,1,0,0,0
git include hello.txt,git add hello.txt,WRONG_SUBCOMMAND,0,1,1,6,0,0
git branch -m feature,git merge feature,PARTIALLY_CORRECT,0,0,1,9,1,0
ls -la,git branch feature,UNKNOWN,0,0,1,16,1,-1
git merge feature --dry-run,git merge feature,WRONG_FLAG,0,0,1,10,1,0
git --branch feature,git branch feature,SYNTAX_ERROR,0,0,1,2,1,0
git branch,git branch feature,MISSING_ARG,0,0,1,8,0,-1
git branch -b feature,git branch feature,DEPRECATED_USAGE,0,0,1,3,1,0
npm install,git log --oneline,UNKNOWN,0,0,1,15,-1,0
git sttuh,git status,TYPO,0,1,1,2,0,0
git snapshot,"git commit -m ""Add hello.txt""",WRONG_SUBCOMMAND,1,0,1,22,-1,-2
"git commit -m ""Add hello.txt""","git commit -m ""Add hello.txt""",WRONG_CONTEXT_STATE,0,1,0,0,0,0
gitstatus,git status,SYNTAX_ERROR,0,1,1,1,0,0
mkdir test,git init,UNKNOWN,0,0,0,7,0,0
git new feature,git branch feature,WRONG_SUBCOMMAND,0,0,1,5,0,0
git switch feature extra_file.txt,git switch feature,EXTRA_ARG,0,0,1,15,0,1
git push,"git commit -m ""Add hello.txt""",WRONG_SUBCOMMAND,1,0,1,24,-1,-2
git merge=feature,git merge feature,SYNTAX_ERROR,0,0,1,1,0,-1
git init -f,git init,WRONG_FLAG,0,0,0,3,1,0
cd ..,git log --oneline,UNKNOWN,0,0,1,16,-1,0
status,git status,PARTIALLY_CORRECT,0,1,1,4,0,0
git log --oneline -v,git log --oneline,EXTRA_ARG,0,0,1,3,1,0
git add hello.txt,git add hello.txt,CORRECT,0,1,1,0,0,0
git,git status,MISSING_ARG,0,1,1,7,0,0
git switch feature,git branch feature,WRONG_ORDER,0,0,1,4,0,0
git stage hello.txt,git add hello.txt,WRONG_SUBCOMMAND,0,1,1,4,0,0
git switch feature,git merge feature,WRONG_ORDER,0,0,1,6,0,0
gio init,git init,TYPO,0,0,0,1,0,0
git merge feature,git merge feature,CORRECT,0,0,1,0,0,0
git init,git init,SYNTAX_ERROR,0,0,0,0,0,0
git switch feature,git switch feature,SYNTAX_ERROR,0,0,1,0,0,0
git branch feature,git switch feature,PARTIALLY_CORRECT,0,0,1,4,0,0
git diff --dry-run,git diff,WRONG_FLAG,0,1,1,10,1,0
git stash -v,git stash,WRONG_FLAG,0,1,1,3,1,0
git branch -b feature,git branch feature,DEPRECATED_USAGE,0,0,1,3,1,0
mkdir test,"git commit -m ""Add hello.txt""",UNKNOWN,1,0,1,25,-1,-2
git commit -m,"git commit -m ""Add hello.txt""",PARTIALLY_CORRECT,1,0,1,16,0,-2
git switch feature --all,git switch feature,EXTRA_ARG,0,0,1,6,1,0
rm -rf test,"git commit -m ""Add hello.txt""",UNKNOWN,1,0,1,23,0,-1
git,git init,MISSING_ARG,0,0,0,5,0,0
git stash,git stash,WRONG_CONTEXT_STATE,1,0,0,0,0,0
git diff,git diff,CORRECT,0,1,1,0,0,0
git branchfeature,git branch feature,TYPO,0,0,1,1,0,-1
git branch feature,git branch feature,CORRECT,0,0,1,0,0,0
ls -la,git init,UNKNOWN,0,0,0,7,1,0
git switch feature -f,git switch feature,WRONG_FLAG,0,0,1,3,1,0
git switch feature -v,git switch feature,EXTRA_ARG,0,0,1,3,1,0
git snapshot,"git commit -m ""Add hello.txt""",WRONG_SUBCOMMAND,1,0,1,22,-1,-2
$ git diff,git diff,SYNTAX_ERROR,0,1,1,2,0,1
git merge,git merge feature,MISSING_ARG,0,0,1,8,0,-1
git status --dry-run,git status,EXTRA_ARG,0,1,1,10,1,0
git switch feature -f,git switch feature,WRONG_FLAG,0,0,1,3,1,0
git push origin main,git branch feature,WRONG_ORDER,0,0,1,16,0,1
git diff,git diff,CORRECT,0,1,1,0,0,0
git status --force,git status,EXTRA_ARG,0,1,1,8,1,0
git sta,git stash,PARTIALLY_CORRECT,0,1,1,2,0,0
git,git init,MISSING_ARG,0,0,0,5,0,0
git add hello.txt --force,git add hello.txt,EXTRA_ARG,0,1,1,8,1,0
git init,git init,WRONG_CONTEXT_STATE,1,1,1,0,0,0
"git commit -m ""Add hello.txt"" --verbose","git commit -m ""Add hello.txt""",EXTRA_ARG,1,0,1,10,1,0
git save-work,git stash,WRONG_SUBCOMMAND,0,1,1,8,0,0
git status --verbose,git status,EXTRA_ARG,0,1,1,10,1,0
git sta,git stash,PARTIALLY_CORRECT,0,1,1,2,0,0
git log --oneline --force,git log --oneline,EXTRA_ARG,0,0,1,8,1,0
python script.py,git switch feature,UNKNOWN,0,0,1,15,0,-1
git add hello.txt,git add hello.txt,SYNTAX_ERROR,0,1,1,0,0,0
git join feature,git merge feature,WRONG_SUBCOMMAND,0,0,1,5,0,0
git commit -m 'message',git branch feature,WRONG_ORDER,0,0,1,16,1,0
gjit switch feature,git switch feature,TYPO,0,0,1,1,0,0
git merge feature,git merge feature,CORRECT,0,0,1,0,0,0
git include hello.txt,git add hello.txt,WRONG_SUBCOMMAND,0,1,1,6,0,0
git merge feature,git merge feature,CORRECT,0,0,1,0,0,0
$ git stash,git stash,SYNTAX_ERROR,0,1,1,2,0,1
git add .txt,git add hello.txt,PARTIALLY_CORRECT,0,1,1,5,0,0
git commits,git log --oneline,WRONG_SUBCOMMAND,0,0,1,11,-1,0
gitdiff,git diff,SYNTAX_ERROR,0,1,1,1,0,0
git switch feature,git switch feature,CORRECT,0,0,1,0,0,0
git add hello.txt,git add hello.txt,WRONG_CONTEXT_STATE,1,0,0,0,0,0
"git commit -m ""Add","git commit -m ""Add hello.txt""",MISSING_ARG,1,0,1,11,0,-1
git branch,git branch feature,PARTIALLY_CORRECT,0,0,1,8,0,-1
git add,git add hello.txt,MISSING_ARG,0,1,1,10,0,-1
git push origin main,git merge feature,WRONG_ORDER,0,0,1,15,0,1
git switch,git switch feature,MISSING_ARG,0,0,1,8,0,-1
git changes,git diff,WRONG_SUBCOMMAND,0,1,1,7,0,0
pwd,git log --oneline,UNKNOWN,0,0,1,17,-1,0
git switchfeature,git switch feature,TYPO,0,0,1,1,0,-1
git log --onoline,git log --oneline,TYPO,0,0,1,1,0,0
git merge main,git branch feature,WRONG_ORDER,0,0,1,12,0,0
ls -la,git branch feature,UNKNOWN,0,0,1,16,1,-1
"geit commit -m ""Add hello.txt""","git commit -m ""Add hello.txt""",TYPO,1,0,1,1,0,0
git snapshot,"git commit -m ""Add hello.txt""",WRONG_SUBCOMMAND,1,0,1,22,-1,-2
git save,"git commit -m ""Add hello.txt""",WRONG_SUBCOMMAND,1,0,1,24,-1,-2
git log --oneline,git log --oneline,CORRECT,0,0,1,0,0,0
mkdir test,"git commit -m ""Add hello.txt""",UNKNOWN,1,0,1,25,-1,-2
ls -la,git add hello.txt,UNKNOWN,0,1,1,15,1,-1
git branch feature,git branch feature,CORRECT,0,0,1,0,0,0
giut status,git status,TYPO,0,1,1,1,0,0
git init,git init,CORRECT,0,0,0,0,0,0
git merge feature,git merge feature,SYNTAX_ERROR,0,0,1,0,0,0
git,git diff,MISSING_ARG,0,1,1,5,0,0
init,git init,PARTIALLY_CORRECT,0,0,0,4,0,0
git push origin main,git merge feature,WRONG_ORDER,0,0,1,15,0,1
git,git stash,MISSING_ARG,0,1,1,6,0,0
cat hello.txt,git log --oneline,UNKNOWN,0,0,1,14,-1,0
git log,git log --oneline,PARTIALLY_CORRECT,0,0,1,10,-1,0
"git commit -m ""Add","git commit -m ""Add hello.txt""",MISSING_ARG,1,0,1,11,0,-1
git log --pretty=oneline,git log --oneline,DEPRECATED_USAGE,0,0,1,7,0,0
git switch feature,git switch feature,WRONG_CONTEXT_STATE,1,1,0,0,0,0
python script.py,git log --oneline,UNKNOWN,0,0,1,14,-1,0
git push origin main,git switch feature,WRONG_ORDER,0,0,1,15,0,1
gitmerge fature,git merge feature,TYPO,0,0,1,2,0,-1
mkdir test,git status,UNKNOWN,0,1,1,9,0,0
git branch,git branch feature,MISSING_ARG,0,0,1,8,0,-1
git stash save,git stash,DEPRECATED_USAGE,0,1,1,5,0,1
git create feature,git branch feature,WRONG_SUBCOMMAND,0,0,1,5,0,0
"git commit -m ""Add","git commit -m ""Add hello.txt""",MISSING_ARG,1,0,1,11,0,-1
gizt log --onelihne,git log --oneline,TYPO,0,0,1,2,0,0
git merge,git merge feature,MISSING_ARG,0,0,1,8,0,-1
pwd,git stash,UNKNOWN,0,1,1,9,0,0
git switch feature -v,git switch feature,WRONG_FLAG,0,0,1,3,1,0
git branch feature --verbose,git branch feature,EXTRA_ARG,0,0,1,10,1,0
git commit --message 'Add hello.txt',"git commit -m ""Add hello.txt""",DEPRECATED_USAGE,1,0,1,9,0,0
gitgit switch feature,git switch feature,SYNTAX_ERROR,0,0,1,3,0,0
giit sitch feature,git switch feature,TYPO,0,0,1,2,0,0
git init .,git init,DEPRECATED_USAGE,0,0,0,2,0,1
git init --dry-run,git init,WRONG_FLAG,0,0,0,10,1,0
python script.py,git diff,UNKNOWN,0,1,1,13,0,0
git stash save,git stash,DEPRECATED_USAGE,0,1,1,5,0,1
gitgit merge feature,git merge feature,SYNTAX_ERROR,0,0,1,3,0,0
giy stsh,git stash,TYPO,0,1,1,2,0,0
git,git diff,MISSING_ARG,0,1,1,5,0,0
git stash,git stash,SYNTAX_ERROR,0,1,1,0,0,0
git diff,git diff,WRONG_CONTEXT_STATE,1,0,0,0,0,0
git,git status,MISSING_ARG,0,1,1,7,0,0
git switch feature --all,git switch feature,EXTRA_ARG,0,0,1,6,1,0
git save-work,git stash,WRONG_SUBCOMMAND,0,1,1,8,0,0
git init .,git init,DEPRECATED_USAGE,0,0,0,2,0,1
git status,git status,SYNTAX_ERROR,0,1,1,0,0,0
$ git status,git status,SYNTAX_ERROR,0,1,1,2,0,1
git show-diff,git diff,WRONG_SUBCOMMAND,0,1,1,5,0,0
git add .txt,git add hello.txt,PARTIALLY_CORRECT,0,1,1,5,0,0
git add,git add hello.txt,MISSING_ARG,0,1,1,10,0,-1
git switch feature --verbose,git switch feature,WRONG_FLAG,0,0,1,10,1,0
git merge feature --dry-run,git merge feature,WRONG_FLAG,0,0,1,10,1,0
git add hello.txt --dry-run,git add hello.txt,WRONG_FLAG,0,1,1,10,1,0
git add,git add hello.txt,PARTIALLY_CORRECT,0,1,1,10,0,-1
git dif,git diff,TYPO,0,1,1,1,0,0
diff,git diff,PARTIALLY_CORRECT,0,1,1,4,0,0
git status -v,git status,WRONG_FLAG,0,1,1,3,1,0
git diff,git diff,WRONG_CONTEXT_STATE,1,0,0,0,0,0
git merge,git merge feature,MISSING_ARG,0,0,1,8,0,-1
git commit -m 'message',git init,WRONG_ORDER,0,0,0,17,1,1
"git commit -m ""Add hello.mtxt""","git commit -m ""Add hello.txt""",TYPO,1,0,1,1,0,0
python script.py,git status,UNKNOWN,0,1,1,12,0,0
git branch feature -v,git branch feature,WRONG_FLAG,0,0,1,3,1,0
git commit -m 'message',git branch feature,WRONG_ORDER,0,0,1,16,1,0
git log -F,git log --oneline,WRONG_FLAG,0,0,1,8,0,0
git status -s,git status,DEPRECATED_USAGE,0,1,1,3,1,0
git stash --dry-run,git stash,EXTRA_ARG,0,1,1,10,1,0
git log --oneline --verbose,git log --oneline,EXTRA_ARG,0,0,1,10,1,0
git save,"git commit -m ""Add hello.txt""",WRONG_SUBCOMMAND,1,0,1,24,-1,-2
git status -s,git status,DEPRECATED_USAGE,0,1,1,3,1,0
git branch -b feature,git branch feature,DEPRECATED_USAGE,0,0,1,3,1,0
git init -v,git init,WRONG_FLAG,0,0,0,3,1,0
git diff --verbose,git diff,EXTRA_ARG,0,1,1,10,1,0
gitd iniit,git init,TYPO,0,0,0,2,0,0
git status --verbose,git status,WRONG_FLAG,0,1,1,10,1,0
git,git init,MISSING_ARG,0,0,0,5,0,0
git stash,git stash,CORRECT,0,1,1,0,0,0
ls -la,git branch feature,UNKNOWN,0,0,1,16,1,-1
git,git diff,MISSING_ARG,0,1,1,5,0,0
git switch,git switch feature,MISSING_ARG,0,0,1,8,0,-1
git branch -b feature,git branch feature,DEPRECATED_USAGE,0,0,1,3,1,0
git sta,git stash,PARTIALLY_CORRECT,0,1,1,2,0,0
git inrit,git init,TYPO,0,0,0,1,0,0
git add -u hello.txt,git add hello.txt,DEPRECATED_USAGE,0,1,1,3,1,0
git,git stash,MISSING_ARG,0,1,1,6,0,0
git,git diff,MISSING_ARG,0,1,1,5,0,0
giz switch feature,git switch feature,TYPO,0,0,1,1,0,0
git commit --message 'Add hello.txt',"git commit -m ""Add hello.txt""",DEPRECATED_USAGE,1,0,1,9,0,0
git diff,git diff,WRONG_CONTEXT_STATE,1,0,0,0,0,0
pwd,git status,UNKNOWN,0,1,1,10,0,0
git track hello.txt,git add hello.txt,WRONG_SUBCOMMAND,0,1,1,4,0,0
git merge feature --dry-run,git merge feature,EXTRA_ARG,0,0,1,10,1,0
git status,git status,WRONG_CONTEXT_STATE,1,0,0,0,0,0
git branch=feature,git branch feature,SYNTAX_ERROR,0,0,1,1,0,-1
git init .,git init,DEPRECATED_USAGE,0,0,0,2,0,1
git merge,git merge feature,MISSING_ARG,0,0,1,8,0,-1
git add hello.txt,git add hello.txt,WRONG_CONTEXT_STATE,1,0,0,0,0,0
git merge feature --all,git merge feature,EXTRA_ARG,0,0,1,6,1,0
git switch feature,git switch feature,CORRECT,0,0,1,0,0,0
git log,git log --oneline,PARTIALLY_CORRECT,0,0,1,10,-1,0
git --switch feature,git switch feature,SYNTAX_ERROR,0,0,1,2,1,0
rm -rf test,git stash,UNKNOWN,0,1,1,9,1,1
git diff,git diff,CORRECT,0,1,1,0,0,0
git push origin main,git branch feature,WRONG_ORDER,0,0,1,16,0,1
git commit -m 'message',"git commit -m ""Add hello.txt""",WRONG_ORDER,1,0,1,14,0,-1
npm install,git status,UNKNOWN,0,1,1,8,0,0
git join feature,git merge feature,WRONG_SUBCOMMAND,0,0,1,5,0,0
git merge --no-ff feature,git merge feature,DEPRECATED_USAGE,0,0,1,8,1,0
git diff,git diff,CORRECT,0,1,1,0,0,0
git stash --force,git stash,EXTRA_ARG,0,1,1,8,1,0
init,git init,PARTIALLY_CORRECT,0,0,0,4,0,0
echo hello,git switch feature,UNKNOWN,0,0,1,15,0,-1
git history,git log --oneline,WRONG_SUBCOMMAND,0,0,1,12,-1,0
mkdir test,git add hello.txt,UNKNOWN,0,1,1,14,0,-1
git add hello.txt,git add hello.txt,CORRECT,0,1,1,0,0,0
"git commit -m ""Add hello.txt""","git commit -m ""Add hello.txt""",WRONG_CONTEXT_STATE,0,1,0,0,0,0
git,git status,MISSING_ARG,0,1,1,7,0,0
git status,git status,WRONG_CONTEXT_STATE,1,0,0,0,0,0
gitgit merge feature,git merge feature,SYNTAX_ERROR,0,0,1,3,0,0
pwd,git switch feature,UNKNOWN,0,0,1,17,0,-1
git awdd hello.txt,git add hello.txt,TYPO,0,1,1,1,0,0
git log --oneline,git log --oneline,CORRECT,0,0,1,0,0,0
git stat,git status,WRONG_SUBCOMMAND,0,1,1,2,0,0
rm -rf test,git log --oneline,UNKNOWN,0,0,1,14,0,1
git log,git log --oneline,PARTIALLY_CORRECT,0,0,1,10,-1,0
git log --oneline,git log --oneline,CORRECT,0,0,1,0,0,0
git start,git init,WRONG_SUBCOMMAND,0,0,0,4,0,0
git stash extra_file.txt,git stash,EXTRA_ARG,0,1,1,15,0,1
git diff HEAD,git diff,DEPRECATED_USAGE,0,1,1,5,0,1
git switch feature --dry-run,git switch feature,WRONG_FLAG,0,0,1,10,1,0
git switch feature,git stash,WRONG_ORDER,0,1,1,11,0,1
rm -rf test,git stash,UNKNOWN,0,1,1,9,1,1
git branch feature,git branch feature,SYNTAX_ERROR,0,0,1,0,0,0
git commit -m 'message',git merge feature,WRONG_ORDER,0,0,1,15,1,0
git log -F,git log --oneline,WRONG_FLAG,0,0,1,8,0,0
git branch -b feature,git branch feature,DEPRECATED_USAGE,0,0,1,3,1,0
git diff,git diff,WRONG_CONTEXT_STATE,1,0,0,0,0,0
git merge main,git status,WRONG_ORDER,0,1,1,10,0,1
git nit,git init,TYPO,0,0,0,1,0,0
echo hello,git diff,UNKNOWN,0,1,1,9,0,0
git stash,git stash,CORRECT,0,1,1,0,0,0
git,git status,MISSING_ARG,0,1,1,7,0,0
git change feature,git switch feature,WRONG_SUBCOMMAND,0,0,1,6,0,0
git add,git add hello.txt,MISSING_ARG,0,1,1,10,0,-1
git log -F,git log --oneline,WRONG_FLAG,0,0,1,8,0,0
git stash,git stash,CORRECT,0,1,1,0,0,0
gitgit stash,git stash,SYNTAX_ERROR,0,1,1,3,0,0
"git commit -m ""Add hello.txt"" --dry-run","git commit -m ""Add hello.txt""",EXTRA_ARG,1,0,1,10,1,0
git push origin main,git status,WRONG_ORDER,0,1,1,15,0,2
git switch,git switch feature,MISSING_ARG,0,0,1,8,0,-1
git sta,git stash,PARTIALLY_CORRECT,0,1,1,2,0,0
cat hello.txt,git status,UNKNOWN,0,1,1,10,0,0
git merge feature,git merge feature,WRONG_CONTEXT_STATE,1,1,0,0,0,0
git branch,git branch feature,MISSING_ARG,0,0,1,8,0,-1
git merge feature -f,git merge feature,WRONG_FLAG,0,0,1,3,1,0
"git commit -m ""Add","git commit -m ""Add hello.txt""",MISSING_ARG,1,0,1,11,0,-1
git merge main,git merge feature,WRONG_ORDER,0,0,1,6,0,0
git log --oneline,git log --oneline,CORRECT,0,0,1,0,0,0
gitinit,git init,SYNTAX_ERROR,0,0,0,1,0,0
git merge,git merge feature,MISSING_ARG,0,0,1,8,0,-1
git log --pretty=oneline,git log --oneline,DEPRECATED_USAGE,0,0,1,7,0,0
init,git init,PARTIALLY_CORRECT,0,0,0,4,0,0
git init -f,git init,WRONG_FLAG,0,0,0,3,1,0
git diff,git diff,SYNTAX_ERROR,0,1,1,0,0,0
git branch feature extra_file.txt,git branch feature,EXTRA_ARG,0,0,1,15,0,1
git add -u hello.txt,git add hello.txt,DEPRECATED_USAGE,0,1,1,3,1,0
git new feature,git branch feature,WRONG_SUBCOMMAND,0,0,1,5,0,0
"git commit -w ""Add hello.txt""","git commit -m ""Add hello.txt""",WRONG_FLAG,1,0,1,1,0,0
git,git status,PARTIALLY_CORRECT,0,1,1,7,0,0
gzt logu --oneline,git log --oneline,TYPO,0,0,1,2,0,0
git merge feature,git merge feature,CORRECT,0,0,1,0,0,0
git diff extra_file.txt,git diff,EXTRA_ARG,0,1,1,15,0,1
$ git status,git status,SYNTAX_ERROR,0,1,1,2,0,1
pip install requests,git log --oneline,UNKNOWN,0,0,1,17,-1,1
git switch feature,git add hello.txt,WRONG_ORDER,0,1,1,13,0,0
git switch feature -f,git switch feature,WRONG_FLAG,0,0,1,3,1,0
git log,git log --oneline,MISSING_ARG,0,0,1,10,-1,0
cd ..,git log --oneline,UNKNOWN,0,0,1,16,-1,0
git start,git init,WRONG_SUBCOMMAND,0,0,0,4,0,0
git commit --message 'Add hello.txt',"git commit -m ""Add hello.txt""",DEPRECATED_USAGE,1,0,1,9,0,0
gitaddhello.txt,git add hello.txt,SYNTAX_ERROR,0,1,1,2,0,-1
git init,git init,WRONG_CONTEXT_STATE,1,1,1,0,0,0
git switch feature,git switch feature,WRONG_CONTEXT_STATE,1,1,0,0,0,0
git initialize,git init,WRONG_SUBCOMMAND,0,0,0,6,0,0
git switch feature,git switch feature,WRONG_CONTEXT_STATE,1,1,0,0,0,0
gitgit switch feature,git switch feature,SYNTAX_ERROR,0,0,1,3,0,0
git branch -b feature,git branch feature,DEPRECATED_USAGE,0,0,1,3,1,0
git diff extra_file.txt,git diff,EXTRA_ARG,0,1,1,15,0,1
git add,git add hello.txt,PARTIALLY_CORRECT,0,1,1,10,0,-1
git add -u hello.txt,git add hello.txt,DEPRECATED_USAGE,0,1,1,3,1,0
git-merge afeature,git merge feature,TYPO,0,0,1,2,0,-1
git diff,git diff,CORRECT,0,1,1,0,0,0
gitbranchfeature,git branch feature,SYNTAX_ERROR,0,0,1,2,0,-1
git merge,git merge feature,MISSING_ARG,0,0,1,8,0,-1
git switch feature,git log --oneline,WRONG_ORDER,0,0,1,12,-1,1
git log --oneline,git log --oneline,CORRECT,0,0,1,0,0,0
git add hello.txt,git add hello.txt,WRONG_CONTEXT_STATE,1,0,0,0,0,0
git add .txt,git add hello.txt,PARTIALLY_CORRECT,0,1,1,5,0,0
"git commit -m ""Add hello.txt""","git commit -m ""Add hello.txt""",CORRECT,1,0,1,0,0,0
"git commit -m ""Add hello.txt"" --dry-run","git commit -m ""Add hello.txt""",EXTRA_ARG,1,0,1,10,1,0
git commit,"git commit -m ""Add hello.txt""",PARTIALLY_CORRECT,1,0,1,19,-1,-2
git init,git init,CORRECT,0,0,0,0,0,0
git switch,git switch feature,MISSING_ARG,0,0,1,8,0,-1
git go feature,git switch feature,WRONG_SUBCOMMAND,0,0,1,6,0,0
git add hello.txt --verbose,git add hello.txt,WRONG_FLAG,0,1,1,10,1,0
git add hello.txt,git add hello.txt,WRONG_CONTEXT_STATE,1,0,0,0,0,0
git stash --dry-run,git stash,EXTRA_ARG,0,1,1,10,1,0
git switch feature --verbose,git switch feature,WRONG_FLAG,0,0,1,10,1,0
git merge main,git status,WRONG_ORDER,0,1,1,10,0,1
git branch feature extra_file.txt,git branch feature,EXTRA_ARG,0,0,1,15,0,1
npm install,git status,UNKNOWN,0,1,1,8,0,0
git diff HEAD,git diff,DEPRECATED_USAGE,0,1,1,5,0,1
git,git status,PARTIALLY_CORRECT,0,1,1,7,0,0
git create,git init,WRONG_SUBCOMMAND,0,0,0,5,0,0
git compare,git diff,WRONG_SUBCOMMAND,0,1,1,7,0,0
npm install,"git commit -m ""Add hello.txt""",UNKNOWN,1,0,1,25,-1,-2
git go feature,git switch feature,WRONG_SUBCOMMAND,0,0,1,6,0,0
"git commit -m ""Add hello.txt""","git commit -m ""Add hello.txt""",WRONG_CONTEXT_STATE,0,1,0,0,0,0
cat hello.txt,git branch feature,UNKNOWN,0,0,1,15,0,-1
git diff HEAD,git diff,DEPRECATED_USAGE,0,1,1,5,0,1
git,git status,MISSING_ARG,0,1,1,7,0,0
git merge feature,git merge feature,CORRECT,0,0,1,0,0,0
git switch feature,git switch feature,CORRECT,0,0,1,0,0,0
rm -rf test,git diff,UNKNOWN,0,1,1,10,1,1
git hide,git stash,WRONG_SUBCOMMAND,0,1,1,5,0,0
git branch,git branch feature,PARTIALLY_CORRECT,0,0,1,8,0,-1
git push origin main,git diff,WRONG_ORDER,0,1,1,15,0,2
git add hmlo.txt,git add hello.txt,TYPO,0,1,1,2,0,0
"git commit -m ""Add","git commit -m ""Add hello.txt""",MISSING_ARG,1,0,1,11,0,-1
mkdir test,git diff,UNKNOWN,0,1,1,8,0,0
git init --force,git init,EXTRA_ARG,0,0,0,8,1,0
git log --oneline,git log --oneline,CORRECT,0,0,1,0,0,0
git merge feature,git merge feature,WRONG_CONTEXT_STATE,1,1,0,0,0,0
git status -f,git status,WRONG_FLAG,0,1,1,3,1,0
echo hello,git diff,UNKNOWN,0,1,1,9,0,0
git diff extra_file.txt,git diff,EXTRA_ARG,0,1,1,15,0,1
npm install,git diff,UNKNOWN,0,1,1,10,0,0
gitstatus,git status,SYNTAX_ERROR,0,1,1,1,0,0
git branch feature -f,git branch feature,WRONG_FLAG,0,0,1,3,1,0
git status -f,git status,WRONG_FLAG,0,1,1,3,1,0
git info,git status,WRONG_SUBCOMMAND,0,1,1,6,0,0
git branch -m feature,git merge feature,PARTIALLY_CORRECT,0,0,1,9,1,0
git init --verbose,git init,EXTRA_ARG,0,0,0,10,1,0
git log,git log --oneline,MISSING_ARG,0,0,1,10,-1,0
git log --oneline,git log --oneline,CORRECT,0,0,1,0,0,0
git merge feature,git merge feature,WRONG_CONTEXT_STATE,1,1,0,0,0,0
git changes,git diff,WRONG_SUBCOMMAND,0,1,1,7,0,0
git add,git add hello.txt,MISSING_ARG,0,1,1,10,0,-1
git switch feature,git switch feature,WRONG_ORDER,0,0,1,0,0,0
git switch feature,git switch feature,CORRECT,0,0,1,0,0,0
git commit --message 'Add hello.txt',"git commit -m ""Add hello.txt""",DEPRECATED_USAGE,1,0,1,9,0,0
git join feature,git merge feature,WRONG_SUBCOMMAND,0,0,1,5,0,0
git add hello.txt -v,git add hello.txt,WRONG_FLAG,0,1,1,3,1,0
git stash,git stash,CORRECT,0,1,1,0,0,0
"git commit -m ""Add hello.txt"" -v","git commit -m ""Add hello.txt""",EXTRA_ARG,1,0,1,3,1,0
git branch feature,git branch feature,CORRECT,0,0,1,0,0,0
git stash,git stash,SYNTAX_ERROR,0,1,1,0,0,0
git check,git status,WRONG_SUBCOMMAND,0,1,1,6,0,0
git merge feature,git merge feature,WRONG_CONTEXT_STATE,1,1,0,0,0,0
ls -la,git merge feature,UNKNOWN,0,0,1,15,1,-1
git log,git log --oneline,MISSING_ARG,0,0,1,10,-1,0
cat hello.txt,git switch feature,UNKNOWN,0,0,1,15,0,-1
git switch feature,git switch feature,WRONG_CONTEXT_STATE,1,1,0,0,0,0
git switch,git switch feature,MISSING_ARG,0,0,1,8,0,-1
git add hello.txt,git add hello.txt,WRONG_CONTEXT_STATE,1,0,0,0,0,0
git new,git init,WRONG_SUBCOMMAND,0,0,0,3,0,0
git branch feature,git branch feature,CORRECT,0,0,1,0,0,0
git status -s,git status,DEPRECATED_USAGE,0,1,1,3,1,0
git commit -m 'message',"git commit -m ""Add hello.txt""",WRONG_ORDER,1,0,1,14,0,-1
"$ git commit -m ""Add hello.txt""","git commit -m ""Add hello.txt""",SYNTAX_ERROR,1,0,1,2,0,1
git save-work,git stash,WRONG_SUBCOMMAND,0,1,1,8,0,0
git status -s,git status,DEPRECATED_USAGE,0,1,1,3,1,0
git commit --message 'Add hello.txt',"git commit -m ""Add hello.txt""",DEPRECATED_USAGE,1,0,1,9,0,0
git merge,git merge feature,PARTIALLY_CORRECT,0,0,1,8,0,-1
git diff --force,git diff,EXTRA_ARG,0,1,1,8,1,0
git checkout feature,git switch feature,DEPRECATED_USAGE,0,0,1,8,0,0
git diff HEAD,git diff,DEPRECATED_USAGE,0,1,1,5,0,1
git commit,"git commit -m ""Add hello.txt""",PARTIALLY_CORRECT,1,0,1,19,-1,-2
git dibf,git diff,TYPO,0,1,1,1,0,0
git staxtwus,git status,TYPO,0,1,1,2,0,0
git,git diff,MISSING_ARG,0,1,1,5,0,0
$ git diff,git diff,SYNTAX_ERROR,0,1,1,2,0,1
git new feature,git branch feature,WRONG_SUBCOMMAND,0,0,1,5,0,0
git merge main,git status,WRONG_ORDER,0,1,1,10,0,1
pip install requests,git diff,UNKNOWN,0,1,1,17,0,1
git,git init,MISSING_ARG,0,0,0,5,0,0
cd ..,git init,UNKNOWN,0,0,0,7,0,0
cd ..,git status,UNKNOWN,0,1,1,9,0,0
git hide,git stash,WRONG_SUBCOMMAND,0,1,1,5,0,0
git switch feature,git stash,WRONG_ORDER,0,1,1,11,0,1
init,git init,PARTIALLY_CORRECT,0,0,0,4,0,0
diff,git diff,PARTIALLY_CORRECT,0,1,1,4,0,0
git init,git init,CORRECT,0,0,0,0,0,0
git branch feature,git branch feature,WRONG_CONTEXT_STATE,1,1,0,0,0,0
git log -oeline,git log --oneline,TYPO,0,0,1,2,0,0
git check,git status,WRONG_SUBCOMMAND,0,1,1,6,0,0
git checkout feature,git switch feature,DEPRECATED_USAGE,0,0,1,8,0,0
git commits,git log --oneline,WRONG_SUBCOMMAND,0,0,1,11,-1,0
git create,git init,WRONG_SUBCOMMAND,0,0,0,5,0,0
python script.py,git init,UNKNOWN,0,0,0,12,0,0
git add,git add hello.txt,MISSING_ARG,0,1,1,10,0,-1
git save-work,git stash,WRONG_SUBCOMMAND,0,1,1,8,0,0
gitgit add hello.txt,git add hello.txt,SYNTAX_ERROR,0,1,1,3,0,0
gixt merge feature,git merge feature,TYPO,0,0,1,1,0,0
pwd,"git commit -m ""Add hello.txt""",UNKNOWN,1,0,1,28,-1,-2
gi dlff,git diff,TYPO,0,1,1,2,0,0
git log -F,git log --oneline,WRONG_FLAG,0,0,1,8,0,0
git branch,git branch feature,PARTIALLY_CORRECT,0,0,1,8,0,-1
git stash save,git stash,DEPRECATED_USAGE,0,1,1,5,0,1
git log=--oneline,git log --oneline,SYNTAX_ERROR,0,0,1,1,-1,0
git status,git status,WRONG_CONTEXT_STATE,1,0,0,0,0,0
git switch feature --verbose,git switch feature,WRONG_FLAG,0,0,1,10,1,0
git merge main,git status,WRONG_ORDER,0,1,1,10,0,1
git switch feature --verbose,git switch feature,WRONG_FLAG,0,0,1,10,1,0
git stash --verbose,git stash,WRONG_FLAG,0,1,1,10,1,0
diff,git diff,PARTIALLY_CORRECT,0,1,1,4,0,0
"git commit -m ""Add","git commit -m ""Add hello.txt""",MISSING_ARG,1,0,1,11,0,-1
git log --onelene,git log --oneline,TYPO,0,0,1,1,0,0
git branch feature,git branch feature,WRONG_CONTEXT_STATE,1,1,0,0,0,0
git status,git status,WRONG_CONTEXT_STATE,1,0,0,0,0,0
gitgit diff,git diff,SYNTAX_ERROR,0,1,1,3,0,0
git switch feature,git status,WRONG_ORDER,0,1,1,9,0,1
"git commit -m ""Add hello.txt"" --dry-run","git commit -m ""Add hello.txt""",EXTRA_ARG,1,0,1,10,1,0
git init,git init,SYNTAX_ERROR,0,0,0,0,0,0
git stash save,git stash,DEPRECATED_USAGE,0,1,1,5,0,1
diff,git diff,PARTIALLY_CORRECT,0,1,1,4,0,0
git,git diff,MISSING_ARG,0,1,1,5,0,0
git init --verbose,git init,WRONG_FLAG,0,0,0,10,1,0
git add .txt,git add hello.txt,PARTIALLY_CORRECT,0,1,1,5,0,0
git,git init,MISSING_ARG,0,0,0,5,0,0
git branch feature,git branch feature,WRONG_CONTEXT_STATE,1,1,0,0,0,0
git switch feature --verbose,git switch feature,EXTRA_ARG,0,0,1,10,1,0
git push origin main,git status,WRONG_ORDER,0,1,1,15,0,2
git,git diff,MISSING_ARG,0,1,1,5,0,0
gi diff,git diff,TYPO,0,1,1,1,0,0
ls -la,git init,UNKNOWN,0,0,0,7,1,0
git branch feature,git branch feature,WRONG_CONTEXT_STATE,1,1,0,0,0,0
git log -F,git log --oneline,WRONG_FLAG,0,0,1,8,0,0
git commit -m Add hello.txt,"git commit -m ""Add hello.txt""",SYNTAX_ERROR,1,0,1,2,0,0
git branch feature --force,git branch feature,EXTRA_ARG,0,0,1,8,1,0
gitstash,git stash,SYNTAX_ERROR,0,1,1,1,0,0
git stash,git stash,CORRECT,0,1,1,0,0,0
git switch featur,git switch feature,TYPO,0,0,1,1,0,0
python script.py,git diff,UNKNOWN,0,1,1,13,0,0
git branch,git branch feature,PARTIALLY_CORRECT,0,0,1,8,0,-1
git new,git init,WRONG_SUBCOMMAND,0,0,0,3,0,0
git log --pretty=oneline,git log --oneline,DEPRECATED_USAGE,0,0,1,7,0,0
git status,git status,CORRECT,0,1,1,0,0,0
git add hello.txt,git add hello.txt,WRONG_CONTEXT_STATE,1,0,0,0,0,0
git save,"git commit -m ""Add hello.txt""",WRONG_SUBCOMMAND,1,0,1,24,-1,-2
git commit -m 'message',git init,WRONG_ORDER,0,0,0,17,1,1
git log --oneline,git log --oneline,WRONG_CONTEXT_STATE,1,1,0,0,0,0
git sta,git stash,PARTIALLY_CORRECT,0,1,1,2,0,0
git push origin main,git add hello.txt,WRONG_ORDER,0,1,1,15,0,1
rm -rf test,git log --oneline,UNKNOWN,0,0,1,14,0,1
git diff HEAD,git diff,DEPRECATED_USAGE,0,1,1,5,0,1
"git commit -m ""Add","git commit -m ""Add hello.txt""",MISSING_ARG,1,0,1,11,0,-1
git,git init,PARTIALLY_CORRECT,0,0,0,5,0,0
git merge main,git status,WRONG_ORDER,0,1,1,10,0,1
git stash save,git stash,DEPRECATED_USAGE,0,1,1,5,0,1
python script.py,git merge feature,UNKNOWN,0,0,1,15,0,-1
git add,git add hello.txt,MISSING_ARG,0,1,1,10,0,-1
git init .,git init,DEPRECATED_USAGE,0,0,0,2,0,1
git branch=feature,git branch feature,SYNTAX_ERROR,0,0,1,1,0,-1
git status --all,git status,EXTRA_ARG,0,1,1,6,1,0
gig branch feature,git branch feature,TYPO,0,0,1,1,0,0
git status,git status,CORRECT,0,1,1,0,0,0
git diff HEAD,git diff,DEPRECATED_USAGE,0,1,1,5,0,1
"git commit -m ""Addx pello.txt""","git commit -m ""Add hello.txt""",TYPO,1,0,1,2,0,0
git status -s,git status,DEPRECATED_USAGE,0,1,1,3,1,0
git,git diff,MISSING_ARG,0,1,1,5,0,0
git commit --message 'Add hello.txt',"git commit -m ""Add hello.txt""",DEPRECATED_USAGE,1,0,1,9,0,0
git init,git init,CORRECT,0,0,0,0,0,0
git diff HEAD,git diff,DEPRECATED_USAGE,0,1,1,5,0,1
git diff,git diff,WRONG_CONTEXT_STATE,1,0,0,0,0,0
git add,git add hello.txt,PARTIALLY_CORRECT,0,1,1,10,0,-1
diff,git diff,PARTIALLY_CORRECT,0,1,1,4,0,0
"gitgit commit -m ""Add hello.txt""","git commit -m ""Add hello.txt""",SYNTAX_ERROR,1,0,1,3,0,0
echo hello,git diff,UNKNOWN,0,1,1,9,0,0
git merge,git merge feature,PARTIALLY_CORRECT,0,0,1,8,0,-1
git record,"git commit -m ""Add hello.txt""",WRONG_SUBCOMMAND,1,0,1,23,-1,-2
git --status,git status,SYNTAX_ERROR,0,1,1,2,1,0
"git commit -m ""Add hello.tx""","git commit -m ""Add hello.txt""",TYPO,1,0,1,1,0,0
git checkout feature,git switch feature,DEPRECATED_USAGE,0,0,1,8,0,0
git switch,git switch feature,MISSING_ARG,0,0,1,8,0,-1
git branch feature,git branch feature,CORRECT,0,0,1,0,0,0
git,git status,MISSING_ARG,0,1,1,7,0,0
"git commit -mg ""Add hello.txt""","git commit -m ""Add hello.txt""",TYPO,1,0,1,1,0,0
git diff --verbose,git diff,WRONG_FLAG,0,1,1,10,1,0
"git commit -m ""Add","git commit -m ""Add hello.txt""",MISSING_ARG,1,0,1,11,0,-1
git show-diff,git diff,WRONG_SUBCOMMAND,0,1,1,5,0,0
gitgit diff,git diff,SYNTAX_ERROR,0,1,1,3,0,0
git diff HEAD,git diff,DEPRECATED_USAGE,0,1,1,5,0,1
git init,git init,SYNTAX_ERROR,0,0,0,0,0,0
"git commit -m ""Add hello.txt""","git commit -m ""Add hello.txt""",WRONG_CONTEXT_STATE,0,1,0,0,0,0
git mergve featurbe,git merge feature,TYPO,0,0,1,2,0,0
git status,git status,CORRECT,0,1,1,0,0,0
git stash,git stash,WRONG_CONTEXT_STATE,1,0,0,0,0,0
git hide,git stash,WRONG_SUBCOMMAND,0,1,1,5,0,0
git merge feature,git merge feature,WRONG_CONTEXT_STATE,1,1,0,0,0,0
git log --oneline,git log --oneline,WRONG_CONTEXT_STATE,1,1,0,0,0,0
git log --oneline,git log --oneline,WRONG_CONTEXT_STATE,1,1,0,0,0,0
gitstatus,git status,SYNTAX_ERROR,0,1,1,1,0,0
git merge main,git branch feature,WRONG_ORDER,0,0,1,12,0,0
git show-log,git log --oneline,WRONG_SUBCOMMAND,0,0,1,11,-1,0
ls -la,git status,UNKNOWN,0,1,1,8,1,0
git branch -b feature,git branch feature,DEPRECATED_USAGE,0,0,1,3,1,0
git stash save,git stash,DEPRECATED_USAGE,0,1,1,5,0,1
git commit -m 'message',git switch feature,WRONG_ORDER,0,0,1,14,1,0
git stash save,git stash,DEPRECATED_USAGE,0,1,1,5,0,1
git init --dry-run,git init,WRONG_FLAG,0,0,0,10,1,0
git add heello.txt,git add hello.txt,TYPO,0,1,1,1,0,0
git add,git add hello.txt,MISSING_ARG,0,1,1,10,0,-1
git init,git init,WRONG_CONTEXT_STATE,1,1,1,0,0,0
git,git init,PARTIALLY_CORRECT,0,0,0,5,0,0
git init --force,git init,EXTRA_ARG,0,0,0,8,1,0
git checkout feature,git switch feature,DEPRECATED_USAGE,0,0,1,8,0,0
rm -rf test,git merge feature,UNKNOWN,0,0,1,12,1,0
"git commit -m ""Add hello.txt""","git commit -m ""Add hello.txt""",CORRECT,1,0,1,0,0,0
gitstish,git stash,TYPO,0,1,1,2,0,0
git checkout feature,git switch feature,DEPRECATED_USAGE,0,0,1,8,0,0
status,git status,PARTIALLY_CORRECT,0,1,1,4,0,0
git log --oneline,git log --oneline,WRONG_CONTEXT_STATE,1,1,0,0,0,0
git snapshot,"git commit -m ""Add hello.txt""",WRONG_SUBCOMMAND,1,0,1,22,-1,-2
git,git init,MISSING_ARG,0,0,0,5,0,0
git record,"git commit -m ""Add hello.txt""",WRONG_SUBCOMMAND,1,0,1,23,-1,-2
git --merge feature,git merge feature,SYNTAX_ERROR,0,0,1,2,1,0
git add,git add hello.txt,MISSING_ARG,0,1,1,10,0,-1
gitgit status,git status,SYNTAX_ERROR,0,1,1,3,0,0
git status,git status,SYNTAX_ERROR,0,1,1,0,0,0
git record,"git commit -m ""Add hello.txt""",WRONG_SUBCOMMAND,1,0,1,23,-1,-2
git merge feature --all,git merge feature,EXTRA_ARG,0,0,1,6,1,0
gt add hello.txt,git add hello.txt,TYPO,0,1,1,1,0,0
$ git branch feature,git branch feature,SYNTAX_ERROR,0,0,1,2,0,1
guit dif,git diff,TYPO,0,1,1,2,0,0
git merge main,git add hello.txt,WRONG_ORDER,0,1,1,12,0,0
git log -d-onelin,git log --oneline,TYPO,0,0,1,2,0,0
git stage hello.txt,git add hello.txt,WRONG_SUBCOMMAND,0,1,1,4,0,0
gitswash,git stash,TYPO,0,1,1,2,0,0
git status,git status,WRONG_CONTEXT_STATE,1,0,0,0,0,0
git stash --verbose,git stash,WRONG_FLAG,0,1,1,10,1,0
git snapshot,"git commit -m ""Add hello.txt""",WRONG_SUBCOMMAND,1,0,1,22,-1,-2
git branch,git branch feature,PARTIALLY_CORRECT,0,0,1,8,0,-1
git branch -m feature,git merge feature,PARTIALLY_CORRECT,0,0,1,9,1,0
git init,git init,WRONG_CONTEXT_STATE,1,1,1,0,0,0
git add=hello.txt,git add hello.txt,SYNTAX_ERROR,0,1,1,1,0,-1
git stash,git stash,WRONG_CONTEXT_STATE,1,0,0,0,0,0
git diff HEAD,git diff,DEPRECATED_USAGE,0,1,1,5,0,1
git branch feature,git branch feature,CORRECT,0,0,1,0,0,0
git,git init,MISSING_ARG,0,0,0,5,0,0
git branch feature --verbose,git branch feature,WRONG_FLAG,0,0,1,10,1,0
git merge main,git add hello.txt,WRONG_ORDER,0,1,1,12,0,0
git diff --dry-run,git diff,WRONG_FLAG,0,1,1,10,1,0
git divff,git diff,TYPO,0,1,1,1,0,0
git push origin main,git stash,WRONG_ORDER,0,1,1,14,0,2
"git commit -m ""Add hello.txt"" extra_file.txt","git commit -m ""Add hello.txt""",EXTRA_ARG,1,0,1,15,0,1
git --switch feature,git switch feature,SYNTAX_ERROR,0,0,1,2,1,0
git compare,git diff,WRONG_SUBCOMMAND,0,1,1,7,0,0
$ git switch feature,git switch feature,SYNTAX_ERROR,0,0,1,2,0,1
git sta,git stash,PARTIALLY_CORRECT,0,1,1,2,0,0
git diff,git diff,WRONG_CONTEXT_STATE,1,0,0,0,0,0
git init -v,git init,WRONG_FLAG,0,0,0,3,1,0
git branch kfeature,git branch feature,TYPO,0,0,1,1,0,0
git include hello.txt,git add hello.txt,WRONG_SUBCOMMAND,0,1,1,6,0,0
git mprgefeature,git merge feature,TYPO,0,0,1,2,0,-1
git,git stash,MISSING_ARG,0,1,1,6,0,0
git merge,git merge feature,PARTIALLY_CORRECT,0,0,1,8,0,-1
git push origin main,git diff,WRONG_ORDER,0,1,1,15,0,2
git branch -m feature,git merge feature,PARTIALLY_CORRECT,0,0,1,9,1,0
git stash save,git stash,DEPRECATED_USAGE,0,1,1,5,0,1
git,git init,PARTIALLY_CORRECT,0,0,0,5,0,0
git,git diff,MISSING_ARG,0,1,1,5,0,0
git branch feature --verbose,git branch feature,WRONG_FLAG,0,0,1,10,1,0
mkdir test,git branch feature,UNKNOWN,0,0,1,14,0,-1
git switch feature,git switch feature,CORRECT,0,0,1,0,0,0
git branch feature,git switch feature,PARTIALLY_CORRECT,0,0,1,4,0,0
git diff HEAD,git diff,DEPRECATED_USAGE,0,1,1,5,0,1
git diff,git diff,CORRECT,0,1,1,0,0,0
git init extra_file.txt,git init,EXTRA_ARG,0,0,0,15,0,1
git info,git status,WRONG_SUBCOMMAND,0,1,1,6,0,0
git switch feature --all,git switch feature,EXTRA_ARG,0,0,1,6,1,0
gitediff,git diff,TYPO,0,1,1,1,0,0
git add=hello.txt,git add hello.txt,SYNTAX_ERROR,0,1,1,1,0,-1
mkdir test,git stash,UNKNOWN,0,1,1,7,0,0
git diff,git diff,CORRECT,0,1,1,0,0,0
git new feature,git branch feature,WRONG_SUBCOMMAND,0,0,1,5,0,0
git log -wonelinne,git log --oneline,TYPO,0,0,1,2,0,0
ght switch feakture,git switch feature,TYPO,0,0,1,2,0,0
git log,git log --oneline,MISSING_ARG,0,0,1,10,-1,0
git log,git log --oneline,PARTIALLY_CORRECT,0,0,1,10,-1,0
pip install requests,git merge feature,UNKNOWN,0,0,1,16,0,0
git commit -m,"git commit -m ""Add hello.txt""",PARTIALLY_CORRECT,1,0,1,16,0,-2
git switch feature --verbose,git switch feature,WRONG_FLAG,0,0,1,10,1,0
gitlog--oneline,git log --oneline,SYNTAX_ERROR,0,0,1,2,-1,0
git,git stash,MISSING_ARG,0,1,1,6,0,0
git change feature,git switch feature,WRONG_SUBCOMMAND,0,0,1,6,0,0
gitbranchfeature,git branch feature,SYNTAX_ERROR,0,0,1,2,0,-1
git status --dry-run,git status,WRONG_FLAG,0,1,1,10,1,0
git brbanh feature,git branch feature,TYPO,0,0,1,2,0,0
init,git init,PARTIALLY_CORRECT,0,0,0,4,0,0
git stash save,git stash,DEPRECATED_USAGE,0,1,1,5,0,1
git switch,git switch feature,MISSING_ARG,0,0,1,8,0,-1
rm -rf test,git status,UNKNOWN,0,1,1,9,1,1
git switch feature,git init,WRONG_ORDER,0,0,0,12,0,1
git push origin main,git diff,WRONG_ORDER,0,1,1,15,0,2
gitgit init,git init,SYNTAX_ERROR,0,0,0,3,0,0
git add hello.txt,git add hello.txt,WRONG_CONTEXT_STATE,1,0,0,0,0,0
git init .,git init,DEPRECATED_USAGE,0,0,0,2,0,1
git switch feature,"git commit -m ""Add hello.txt""",WRONG_ORDER,1,0,1,20,-1,-1
git commit,"git commit -m ""Add hello.txt""",PARTIALLY_CORRECT,1,0,1,19,-1,-2
echo hello,git status,UNKNOWN,0,1,1,10,0,0
cd ..,git diff,UNKNOWN,0,1,1,7,0,0
git add hello.txt --verbose,git add hello.txt,WRONG_FLAG,0,1,1,10,1,0
git --diff,git diff,SYNTAX_ERROR,0,1,1,2,1,0
git branch,git branch feature,PARTIALLY_CORRECT,0,0,1,8,0,-1
git status --dry-run,git status,WRONG_FLAG,0,1,1,10,1,0
git log -F,git log --oneline,WRONG_FLAG,0,0,1,8,0,0
cd ..,git init,UNKNOWN,0,0,0,7,0,0
git branch feature,git branch feature,WRONG_CONTEXT_STATE,1,1,0,0,0,0
cd ..,git init,UNKNOWN,0,0,0,7,0,0
git include hello.txt,git add hello.txt,WRONG_SUBCOMMAND,0,1,1,6,0,0
git branch feature -f,git branch feature,WRONG_FLAG,0,0,1,3,1,0
git pull feature,git merge feature,WRONG_SUBCOMMAND,0,0,1,5,0,0
git switch feature extra_file.txt,git switch feature,EXTRA_ARG,0,0,1,15,0,1
pwd,"git commit -m ""Add hello.txt""",UNKNOWN,1,0,1,28,-1,-2
git,git init,MISSING_ARG,0,0,0,5,0,0
git status,git status,SYNTAX_ERROR,0,1,1,0,0,0
git add hello.txt,git add hello.txt,WRONG_CONTEXT_STATE,1,0,0,0,0,0
git add,git add hello.txt,PARTIALLY_CORRECT,0,1,1,10,0,-1
git initialize,git init,WRONG_SUBCOMMAND,0,0,0,6,0,0
git merge feature,git merge feature,CORRECT,0,0,1,0,0,0
git branch,git branch feature,MISSING_ARG,0,0,1,8,0,-1
git branch feature,git branch feature,WRONG_CONTEXT_STATE,1,1,0,0,0,0
git branch -m feature,git merge feature,PARTIALLY_CORRECT,0,0,1,9,1,0
git stash,git stash,WRONG_CONTEXT_STATE,1,0,0,0,0,0
git show,git status,WRONG_SUBCOMMAND,0,1,1,5,0,0
"git commit -w ""Add hello.txt""","git commit -m ""Add hello.txt""",WRONG_FLAG,1,0,1,1,0,0
git stash save,git stash,DEPRECATED_USAGE,0,1,1,5,0,1
git init extra_file.txt,git init,EXTRA_ARG,0,0,0,15,0,1
pwd,git add hello.txt,UNKNOWN,0,1,1,16,0,-1
git status,git status,WRONG_CONTEXT_STATE,1,0,0,0,0,0
git stash save,git stash,DEPRECATED_USAGE,0,1,1,5,0,1
git status -v,git status,WRONG_FLAG,0,1,1,3,1,0
git commit -m 'message',git add hello.txt,WRONG_ORDER,0,1,1,18,1,0
git switch feature,git switch feature,WRONG_CONTEXT_STATE,1,1,0,0,0,0
git new feature,git branch feature,WRONG_SUBCOMMAND,0,0,1,5,0,0
git show-log,git log --oneline,WRONG_SUBCOMMAND,0,0,1,11,-1,0
git add hello.txt,git add hello.txt,CORRECT,0,1,1,0,0,0
git diff,git diff,WRONG_CONTEXT_STATE,1,0,0,0,0,0
git merge feature -v,git merge feature,WRONG_FLAG,0,0,1,3,1,0
git status --verbose,git status,WRONG_FLAG,0,1,1,10,1,0
ls -la,"git commit -m ""Add hello.txt""",UNKNOWN,1,0,1,26,0,-2
git branch,git branch feature,MISSING_ARG,0,0,1,8,0,-1
git diff,git diff,CORRECT,0,1,1,0,0,0
cd ..,git log --oneline,UNKNOWN,0,0,1,16,-1,0
git branch feature -f,git branch feature,WRONG_FLAG,0,0,1,3,1,0
git status,git status,CORRECT,0,1,1,0,0,0
git branch -b feature,git branch feature,DEPRECATED_USAGE,0,0,1,3,1,0
git status,git status,CORRECT,0,1,1,0,0,0
git branch,git branch feature,MISSING_ARG,0,0,1,8,0,-1
cat hello.txt,git status,UNKNOWN,0,1,1,10,0,0
git --init,git init,SYNTAX_ERROR,0,0,0,2,1,0
git add,git add hello.txt,MISSING_ARG,0,1,1,10,0,-1
git commit -m 'message',git add hello.txt,WRONG_ORDER,0,1,1,18,1,0
git switch feature --dry-run,git switch feature,EXTRA_ARG,0,0,1,10,1,0
"git commit - ""Add hello.txt","git commit -m ""Add hello.txt""",TYPO,1,0,1,2,0,0
git branch feature,git branch feature,WRONG_CONTEXT_STATE,1,1,0,0,0,0
git branch,git branch feature,MISSING_ARG,0,0,1,8,0,-1
"git commit -m ""Add hello.txt""","git commit -m ""Add hello.txt""",CORRECT,1,0,1,0,0,0
git add hello.txt,git add hello.txt,WRONG_CONTEXT_STATE,1,0,0,0,0,0
git merge --no-ff feature,git merge feature,DEPRECATED_USAGE,0,0,1,8,1,0
git add,git add hello.txt,MISSING_ARG,0,1,1,10,0,-1
git,git status,MISSING_ARG,0,1,1,7,0,0
git switch feature --dry-run,git switch feature,WRONG_FLAG,0,0,1,10,1,0
git stash -v,git stash,EXTRA_ARG,0,1,1,3,1,0
ls -la,git diff,UNKNOWN,0,1,1,7,1,0
gitinit,git init,SYNTAX_ERROR,0,0,0,1,0,0
git commit -m,"git commit -m ""Add hello.txt""",PARTIALLY_CORRECT,1,0,1,16,0,-2
git,git status,MISSING_ARG,0,1,1,7,0,0
$ git log --oneline,git log --oneline,SYNTAX_ERROR,0,0,1,2,0,1
echo hello,git init,UNKNOWN,0,0,0,9,0,0
git push origin main,git merge feature,WRONG_ORDER,0,0,1,15,0,1
git log --pretty=oneline,git log --oneline,DEPRECATED_USAGE,0,0,1,7,0,0
git stash extra_file.txt,git stash,EXTRA_ARG,0,1,1,15,0,1
git commit -m 'message',"git commit -m ""Add hello.txt""",WRONG_ORDER,1,0,1,14,0,-1
git hide,git stash,WRONG_SUBCOMMAND,0,1,1,5,0,0
git merge feature,git merge feature,CORRECT,0,0,1,0,0,0
git add,git add hello.txt,MISSING_ARG,0,1,1,10,0,-1
git setup,git init,WRONG_SUBCOMMAND,0,0,0,5,0,0
git history,git log --oneline,WRONG_SUBCOMMAND,0,0,1,12,-1,0
gitaddhello.txt,git add hello.txt,SYNTAX_ERROR,0,1,1,2,0,-1
git status --verbose,git status,EXTRA_ARG,0,1,1,10,1,0
git commit -m 'message',git init,WRONG_ORDER,0,0,0,17,1,1
git checkout feature,git switch feature,DEPRECATED_USAGE,0,0,1,8,0,0
git switc eature,git switch feature,TYPO,0,0,1,2,0,0
git add,git add hello.txt,MISSING_ARG,0,1,1,10,0,-1
git diff -v,git diff,WRONG_FLAG,0,1,1,3,1,0
git add hello.txt,git add hello.txt,CORRECT,0,1,1,0,0,0
git status,git status,CORRECT,0,1,1,0,0,0
rm -rf test,git add hello.txt,UNKNOWN,0,1,1,13,1,0
git,git diff,MISSING_ARG,0,1,1,5,0,0
git init,git init,CORRECT,0,0,0,0,0,0
cat hello.txt,git diff,UNKNOWN,0,1,1,11,0,0
git branch feature,git branch feature,CORRECT,0,0,1,0,0,0
git stash -v,git stash,WRONG_FLAG,0,1,1,3,1,0
git merge,git merge feature,MISSING_ARG,0,0,1,8,0,-1
git add,git add hello.txt,MISSING_ARG,0,1,1,10,0,-1
git init --dry-run,git init,WRONG_FLAG,0,0,0,10,1,0
rm -rf test,"git commit -m ""Add hello.txt""",UNKNOWN,1,0,1,23,0,-1
cd ..,git branch feature,UNKNOWN,0,0,1,16,0,-1
git state,git status,WRONG_SUBCOMMAND,0,1,1,2,0,0
git add hello.txt --force,git add hello.txt,EXTRA_ARG,0,1,1,8,1,0
rm -rf test,git branch feature,UNKNOWN,0,0,1,13,1,0
git branch feature --all,git branch feature,EXTRA_ARG,0,0,1,6,1,0
git checkout feature,git switch feature,DEPRECATED_USAGE,0,0,1,8,0,0
git,git diff,MISSING_ARG,0,1,1,5,0,0
git stash,git stash,WRONG_CONTEXT_STATE,1,0,0,0,0,0
git switch feature,git switch feature,WRONG_CONTEXT_STATE,1,1,0,0,0,0
git difqq,git diff,TYPO,0,1,1,2,0,0
pip install requests,git add hello.txt,UNKNOWN,0,1,1,15,0,0
git branch,git branch feature,MISSING_ARG,0,0,1,8,0,-1
git add,git add hello.txt,PARTIALLY_CORRECT,0,1,1,10,0,-1
echo hello,git status,UNKNOWN,0,1,1,10,0,0
git history,git log --oneline,WRONG_SUBCOMMAND,0,0,1,12,-1,0
git init,git init,CORRECT,0,0,0,0,0,0
git change feature,git switch feature,WRONG_SUBCOMMAND,0,0,1,6,0,0
git dilf,git diff,TYPO,0,1,1,1,0,0
cd ..,git stash,UNKNOWN,0,1,1,8,0,0
git history,git log --oneline,WRONG_SUBCOMMAND,0,0,1,12,-1,0
"git commit -m ""Add hello.txt""","git commit -m ""Add hello.txt""",CORRECT,1,0,1,0,0,0
git add -u hello.txt,git add hello.txt,DEPRECATED_USAGE,0,1,1,3,1,0
git switch feature,git switch feature,WRONG_CONTEXT_STATE,1,1,0,0,0,0
git push origin main,git diff,WRONG_ORDER,0,1,1,15,0,2
git commit,"git commit -m ""Add hello.txt""",PARTIALLY_CORRECT,1,0,1,19,-1,-2
git sta,git stash,PARTIALLY_CORRECT,0,1,1,2,0,0
git merge feature,git merge feature,CORRECT,0,0,1,0,0,0
git add hello.txt --verbose,git add hello.txt,WRONG_FLAG,0,1,1,10,1,0
git,git stash,MISSING_ARG,0,1,1,6,0,0
git tash,git stash,TYPO,0,1,1,1,0,0
git switch,git switch feature,PARTIALLY_CORRECT,0,0,1,8,0,-1
git show-diff,git diff,WRONG_SUBCOMMAND,0,1,1,5,0,0
git merge main,"git commit -m ""Add hello.txt""",WRONG_ORDER,1,0,1,23,-1,-1
git merge feature,git merge feature,WRONG_CONTEXT_STATE,1,1,0,0,0,0
git log,git log --oneline,MISSING_ARG,0,0,1,10,-1,0
git merge main,git add hello.txt,WRONG_ORDER,0,1,1,12,0,0
"git commi -m ""Add hello.txt""","git commit -m ""Add hello.txt""",TYPO,1,0,1,1,0,0
git switch feature,git switch feature,CORRECT,0,0,1,0,0,0
git log -F,git log --oneline,WRONG_FLAG,0,0,1,8,0,0
"git cotmmit -m ""Add hell.txt""","git commit -m ""Add hello.txt""",TYPO,1,0,1,2,0,0
git add hello.txt -v,git add hello.txt,WRONG_FLAG,0,1,1,3,1,0
mkdir test,git stash,UNKNOWN,0,1,1,7,0,0
git merge feature -v,git merge feature,EXTRA_ARG,0,0,1,3,1,0
git init --all,git init,EXTRA_ARG,0,0,0,6,1,0
gitgit status,git status,SYNTAX_ERROR,0,1,1,3,0,0
git check,git status,WRONG_SUBCOMMAND,0,1,1,6,0,0
"$ git commit -m ""Add hello.txt""","git commit -m ""Add hello.txt""",SYNTAX_ERROR,1,0,1,2,0,1
"git commit -m ""Add hello.txt""","git commit -m ""Add hello.txt""",WRONG_CONTEXT_STATE,0,1,0,0,0,0
git switch feature,git switch feature,WRONG_ORDER,0,0,1,0,0,0
git log --oneline extra_file.txt,git log --oneline,EXTRA_ARG,0,0,1,15,0,1
git log,git log --oneline,PARTIALLY_CORRECT,0,0,1,10,-1,0
git create feature,git branch feature,WRONG_SUBCOMMAND,0,0,1,5,0,0
git initialize,git init,WRONG_SUBCOMMAND,0,0,0,6,0,0
git show-log,git log --oneline,WRONG_SUBCOMMAND,0,0,1,11,-1,0
pip install requests,git switch feature,UNKNOWN,0,0,1,15,0,0
git add hello.txt -v,git add hello.txt,WRONG_FLAG,0,1,1,3,1,0
git stau,git status,TYPO,0,1,1,2,0,0
git push origin main,git merge feature,WRONG_ORDER,0,0,1,15,0,1
git status,git status,CORRECT,0,1,1,0,0,0
git commit -m 'message',git stash,WRONG_ORDER,0,1,1,17,1,1
git status,git status,WRONG_CONTEXT_STATE,1,0,0,0,0,0
git push origin main,"git commit -m ""Add hello.txt""",WRONG_ORDER,1,0,1,23,-1,0
mkdir test,git merge feature,UNKNOWN,0,0,1,13,0,-1
git merge main,git branch feature,WRONG_ORDER,0,0,1,12,0,0
git clog -eoneline,git log --oneline,TYPO,0,0,1,2,0,0
git diff HEAD,git diff,DEPRECATED_USAGE,0,1,1,5,0,1
"git commit -m ""Add hello.txt""","git commit -m ""Add hello.txt""",WRONG_CONTEXT_STATE,0,1,0,0,0,0
git commit -m 'message',git log --oneline,WRONG_ORDER,0,0,1,14,0,1
git change feature,git switch feature,WRONG_SUBCOMMAND,0,0,1,6,0,0
git switch,git switch feature,PARTIALLY_CORRECT,0,0,1,8,0,-1
git branch feature --force,git branch feature,EXTRA_ARG,0,0,1,8,1,0
git commit -m 'message',git merge feature,WRONG_ORDER,0,0,1,15,1,0
git add hello.txt,git add hello.txt,WRONG_CONTEXT_STATE,1,0,0,0,0,0
git commit -m 'message',git diff,WRONG_ORDER,0,1,1,18,1,1
git mergejfeaturo,git merge feature,TYPO,0,0,1,2,0,-1
git push origin main,git add hello.txt,WRONG_ORDER,0,1,1,15,0,1
git log -F,git log --oneline,WRONG_FLAG,0,0,1,8,0,0
git stash --verbose,git stash,WRONG_FLAG,0,1,1,10,1,0
git,git init,MISSING_ARG,0,0,0,5,0,0
git satus,git status,TYPO,0,1,1,1,0,0
git log --oneline,git log --oneline,WRONG_CONTEXT_STATE,1,1,0,0,0,0
diff,git diff,PARTIALLY_CORRECT,0,1,1,4,0,0
git log --oneline --dry-run,git log --oneline,EXTRA_ARG,0,0,1,10,1,0
git log --pretty=oneline,git log --oneline,DEPRECATED_USAGE,0,0,1,7,0,0
git add hello.txt,git add hello.txt,WRONG_CONTEXT_STATE,1,0,0,0,0,0
git merge feature,git merge feature,CORRECT,0,0,1,0,0,0
git merge featur,git merge feature,TYPO,0,0,1,1,0,0
"git commit -m ""Add hello.txt"" --all","git commit -m ""Add hello.txt""",EXTRA_ARG,1,0,1,6,1,0
git stash save,git stash,DEPRECATED_USAGE,0,1,1,5,0,1
git merge main,git status,WRONG_ORDER,0,1,1,10,0,1
diff,git diff,PARTIALLY_CORRECT,0,1,1,4,0,0
git stash -v,git stash,WRONG_FLAG,0,1,1,3,1,0
gitx incit,git init,TYPO,0,0,0,2,0,0
gitstatus,git status,TYPO,0,1,1,1,0,0
git --status,git status,SYNTAX_ERROR,0,1,1,2,1,0
"git commit -m ""Add hello.txt""","git commit -m ""Add hello.txt""",CORRECT,1,0,1,0,0,0
git init,git init,WRONG_CONTEXT_STATE,1,1,1,0,0,0
npm install,git merge feature,UNKNOWN,0,0,1,14,0,-1
cd ..,git merge feature,UNKNOWN,0,0,1,16,0,-1
git merge main,git diff,WRONG_ORDER,0,1,1,10,0,1
git,git stash,MISSING_ARG,0,1,1,6,0,0
git switch feature -v,git switch feature,WRONG_FLAG,0,0,1,3,1,0
git,git init,PARTIALLY_CORRECT,0,0,0,5,0,0
git add hello.txt --dry-run,git add hello.txt,EXTRA_ARG,0,1,1,10,1,0
git init,git init,WRONG_CONTEXT_STATE,1,1,1,0,0,0
git log --pretty=oneline,git log --oneline,DEPRECATED_USAGE,0,0,1,7,0,0
git switch,git switch feature,MISSING_ARG,0,0,1,8,0,-1
"git commit -m ""Add hello.txt""","git commit -m ""Add hello.txt""",CORRECT,1,0,1,0,0,0
git push origin main,git init,WRONG_ORDER,0,0,0,13,0,2
$ git merge feature,git merge feature,SYNTAX_ERROR,0,0,1,2,0,1
git commit --message 'Add hello.txt',"git commit -m ""Add hello.txt""",DEPRECATED_USAGE,1,0,1,9,0,0
"git commit -w ""Add hello.txt""","git commit -m ""Add hello.txt""",WRONG_FLAG,1,0,1,1,0,0
git log --oneline,git log --oneline,CORRECT,0,0,1,0,0,0
git status,git status,WRONG_CONTEXT_STATE,1,0,0,0,0,0
git diff,git diff,CORRECT,0,1,1,0,0,0
pip install requests,git switch feature,UNKNOWN,0,0,1,15,0,0
git branch -b feature,git branch feature,DEPRECATED_USAGE,0,0,1,3,1,0
"git commit -m ""Add hello.txt""","git commit -m ""Add hello.txt""",CORRECT,1,0,1,0,0,0
git init .,git init,DEPRECATED_USAGE,0,0,0,2,0,1
$ git add hello.txt,git add hello.txt,SYNTAX_ERROR,0,1,1,2,0,1
git stat,git status,WRONG_SUBCOMMAND,0,1,1,2,0,0
git log,git log --oneline,PARTIALLY_CORRECT,0,0,1,10,-1,0
git stash,git stash,WRONG_CONTEXT_STATE,1,0,0,0,0,0
git merge feature --dry-run,git merge feature,WRONG_FLAG,0,0,1,10,1,0
git stqvh,git stash,TYPO,0,1,1,2,0,0
git diff --verbose,git diff,EXTRA_ARG,0,1,1,10,1,0
git switch feare,git switch feature,TYPO,0,0,1,2,0,0
git switch feature,git diff,WRONG_ORDER,0,1,1,12,0,1
ls -la,git stash,UNKNOWN,0,1,1,7,1,0
git add -u hello.txt,git add hello.txt,DEPRECATED_USAGE,0,1,1,3,1,0
git branch,git branch feature,MISSING_ARG,0,0,1,8,0,-1
git commit,"git commit -m ""Add hello.txt""",PARTIALLY_CORRECT,1,0,1,19,-1,-2
git branch,git branch feature,PARTIALLY_CORRECT,0,0,1,8,0,-1
git init --force,git init,EXTRA_ARG,0,0,0,8,1,0
git add ello.txt,git add hello.txt,TYPO,0,1,1,1,0,0
git add hello.txt,git add hello.txt,WRONG_CONTEXT_STATE,1,0,0,0,0,0
git iknit,git init,TYPO,0,0,0,1,0,0
git switch feature,git init,WRONG_ORDER,0,0,0,12,0,1
git --merge feature,git merge feature,SYNTAX_ERROR,0,0,1,2,1,0
git diff --verbose,git diff,WRONG_FLAG,0,1,1,10,1,0
git diff -f,git diff,WRONG_FLAG,0,1,1,3,1,0
git commit -m 'message',git switch feature,WRONG_ORDER,0,0,1,14,1,0
git --status,git status,SYNTAX_ERROR,0,1,1,2,1,0
git merge main,git log --oneline,WRONG_ORDER,0,0,1,11,-1,1
"git commit -m ""Add hello.txt""","git commit -m ""Add hello.txt""",WRONG_CONTEXT_STATE,0,1,0,0,0,0
git swith feature,git switch feature,TYPO,0,0,1,1,0,0
git merge feature,git merge feature,WRONG_CONTEXT_STATE,1,1,0,0,0,0
git commit --message 'Add hello.txt',"git commit -m ""Add hello.txt""",DEPRECATED_USAGE,1,0,1,9,0,0
git log --oneline -v,git log --oneline,EXTRA_ARG,0,0,1,3,1,0
"git commt -m ""Add helloctxt""","git commit -m ""Add hello.txt""",TYPO,1,0,1,2,0,0
git commit -m 'message',git branch feature,WRONG_ORDER,0,0,1,16,1,0
gitlnit,git init,TYPO,0,0,0,2,0,0
gitgit branch feature,git branch feature,SYNTAX_ERROR,0,0,1,3,0,0
cat hello.txt,git stash,UNKNOWN,0,1,1,11,0,0
git brqnch featurge,git branch feature,TYPO,0,0,1,2,0,0
git switch,git switch feature,PARTIALLY_CORRECT,0,0,1,8,0,-1
git diff HEAD,git diff,DEPRECATED_USAGE,0,1,1,5,0,1
rm -rf test,git diff,UNKNOWN,0,1,1,10,1,1
git commit --message 'Add hello.txt',"git commit -m ""Add hello.txt""",DEPRECATED_USAGE,1,0,1,9,0,0
gitlog--oneline,git log --oneline,SYNTAX_ERROR,0,0,1,2,-1,0
git zdiff,git diff,TYPO,0,1,1,1,0,0
git init,git init,WRONG_CONTEXT_STATE,1,1,1,0,0,0
git branch,git branch feature,PARTIALLY_CORRECT,0,0,1,8,0,-1
git commit --message 'Add hello.txt',"git commit -m ""Add hello.txt""",DEPRECATED_USAGE,1,0,1,9,0,0
git changes,git diff,WRONG_SUBCOMMAND,0,1,1,7,0,0
git merge main,git stash,WRONG_ORDER,0,1,1,9,0,1
ls -la,git merge feature,UNKNOWN,0,0,1,15,1,-1
git merge feature,git merge feature,CORRECT,0,0,1,0,0,0
$ git diff,git diff,SYNTAX_ERROR,0,1,1,2,0,1
ls -la,git add hello.txt,UNKNOWN,0,1,1,15,1,-1
git stash,git stash,WRONG_CONTEXT_STATE,1,0,0,0,0,0
git add -u hello.txt,git add hello.txt,DEPRECATED_USAGE,0,1,1,3,1,0
mkdir test,git merge feature,UNKNOWN,0,0,1,13,0,-1
git branch -m feature,git merge feature,PARTIALLY_CORRECT,0,0,1,9,1,0
git branch -m feature,git merge feature,PARTIALLY_CORRECT,0,0,1,9,1,0
git show-diff,git diff,WRONG_SUBCOMMAND,0,1,1,5,0,0
gt branch feature,git branch feature,TYPO,0,0,1,1,0,0
git init .,git init,DEPRECATED_USAGE,0,0,0,2,0,1
gitaddhello.txt,git add hello.txt,SYNTAX_ERROR,0,1,1,2,0,-1
git add hello.txt --all,git add hello.txt,EXTRA_ARG,0,1,1,6,1,0
git push origin main,git stash,WRONG_ORDER,0,1,1,14,0,2
git branchfecature,git branch feature,TYPO,0,0,1,2,0,-1
git log --oneline --verbose,git log --oneline,EXTRA_ARG,0,0,1,10,1,0
git save,"git commit -m ""Add hello.txt""",WRONG_SUBCOMMAND,1,0,1,24,-1,-2
git log=--oneline,git log --oneline,SYNTAX_ERROR,0,0,1,1,-1,0
$ git merge feature,git merge feature,SYNTAX_ERROR,0,0,1,2,0,1
git status -f,git status,WRONG_FLAG,0,1,1,3,1,0
git merge main,git branch feature,WRONG_ORDER,0,0,1,12,0,0
git sotash,git stash,TYPO,0,1,1,1,0,0
diff,git diff,PARTIALLY_CORRECT,0,1,1,4,0,0
git diff extra_file.txt,git diff,EXTRA_ARG,0,1,1,15,0,1
git switch,git switch feature,MISSING_ARG,0,0,1,8,0,-1
ls -la,git stash,UNKNOWN,0,1,1,7,1,0
git switch feature,git switch feature,CORRECT,0,0,1,0,0,0
git sta,git stash,PARTIALLY_CORRECT,0,1,1,2,0,0
git og --oneline,git log --oneline,TYPO,0,0,1,1,0,0
git add hello.txt,git add hello.txt,CORRECT,0,1,1,0,0,0
git push,"git commit -m ""Add hello.txt""",WRONG_SUBCOMMAND,1,0,1,24,-1,-2
git switch,git switch feature,MISSING_ARG,0,0,1,8,0,-1
git switch feature,git status,WRONG_ORDER,0,1,1,9,0,1
git commit -m 'message',git log --oneline,WRONG_ORDER,0,0,1,14,0,1
git init,git init,CORRECT,0,0,0,0,0,0
git pull feature,git merge feature,WRONG_SUBCOMMAND,0,0,1,5,0,0
git merge feature -f,git merge feature,WRONG_FLAG,0,0,1,3,1,0
git init,git init,SYNTAX_ERROR,0,0,0,0,0,0
git status --dry-run,git status,EXTRA_ARG,0,1,1,10,1,0
gi tash,git stash,TYPO,0,1,1,2,0,0
git,git status,MISSING_ARG,0,1,1,7,0,0
"gitgit commit -m ""Add hello.txt""","git commit -m ""Add hello.txt""",SYNTAX_ERROR,1,0,1,3,0,0
git commit -m 'message',git stash,WRONG_ORDER,0,1,1,17,1,1
git merge main,git branch feature,WRONG_ORDER,0,0,1,12,0,0
git diff HEAD,git diff,DEPRECATED_USAGE,0,1,1,5,0,1
git diff -f,git diff,WRONG_FLAG,0,1,1,3,1,0
git status,git status,CORRECT,0,1,1,0,0,0
git hide,git stash,WRONG_SUBCOMMAND,0,1,1,5,0,0
git,git init,PARTIALLY_CORRECT,0,0,0,5,0,0
git commit -m Add hello.txt,"git commit -m ""Add hello.txt""",SYNTAX_ERROR,1,0,1,2,0,0
git add hello.txt --dry-run,git add hello.txt,WRONG_FLAG,0,1,1,10,1,0
$ git init,git init,SYNTAX_ERROR,0,0,0,2,0,1
git switch feature,git switch feature,WRONG_ORDER,0,0,1,0,0,0
git,git status,MISSING_ARG,0,1,1,7,0,0
gi switch featur-,git switch feature,TYPO,0,0,1,2,0,0
git status --dry-run,git status,WRONG_FLAG,0,1,1,10,1,0
git stash save,git stash,DEPRECATED_USAGE,0,1,1,5,0,1
git init,git init,CORRECT,0,0,0,0,0,0
gitbranchfeature,git branch feature,SYNTAX_ERROR,0,0,1,2,0,-1
git switch feature --verbose,git switch feature,EXTRA_ARG,0,0,1,10,1,0
git switch feature,git stash,WRONG_ORDER,0,1,1,11,0,1
git add hello.txt --verbose,git add hello.txt,WRONG_FLAG,0,1,1,10,1,0
git merge main,git stash,WRONG_ORDER,0,1,1,9,0,1
git log --oneline,git log --oneline,WRONG_CONTEXT_STATE,1,1,0,0,0,0
$ git diff,git diff,SYNTAX_ERROR,0,1,1,2,0,1
git commit -m 'message',git switch feature,WRONG_ORDER,0,0,1,14,1,0
git add hello.txt,git add hello.txt,CORRECT,0,1,1,0,0,0
git init,git init,CORRECT,0,0,0,0,0,0
rm -rf test,git init,UNKNOWN,0,0,0,9,1,1
git,git init,PARTIALLY_CORRECT,0,0,0,5,0,0
git switch feature --verbose,git switch feature,WRONG_FLAG,0,0,1,10,1,0
git diff --verbose,git diff,EXTRA_ARG,0,1,1,10,1,0
echo hello,git add hello.txt,UNKNOWN,0,1,1,11,0,-1
git log --ohneljine,git log --oneline,TYPO,0,0,1,2,0,0
git commit -m,"git commit -m ""Add hello.txt""",PARTIALLY_CORRECT,1,0,1,16,0,-2
git init,git init,WRONG_CONTEXT_STATE,1,1,1,0,0,0
git commit -m 'message',git status,WRONG_ORDER,0,1,1,17,1,1
git diff --dry-run,git diff,WRONG_FLAG,0,1,1,10,1,0
git merge main,"git commit -m ""Add hello.txt""",WRONG_ORDER,1,0,1,23,-1,-1
pip install requests,git stash,UNKNOWN,0,1,1,14,0,1
python script.py,git stash,UNKNOWN,0,1,1,12,0,0
"git commit -m ""Add hello.txt""","git commit -m ""Add hello.txt""",WRONG_CONTEXT_STATE,0,1,0,0,0,0
git branch -b feature,git branch feature,DEPRECATED_USAGE,0,0,1,3,1,0
gitaddhello.txt,git add hello.txt,SYNTAX_ERROR,0,1,1,2,0,-1
git status,git status,WRONG_CONTEXT_STATE,1,0,0,0,0,0
git diff --force,git diff,EXTRA_ARG,0,1,1,8,1,0
git log --oneline -v,git log --oneline,EXTRA_ARG,0,0,1,3,1,0
git push origin main,git diff,WRONG_ORDER,0,1,1,15,0,2
gitgit diff,git diff,SYNTAX_ERROR,0,1,1,3,0,0
git switch feature -f,git switch feature,WRONG_FLAG,0,0,1,3,1,0
git init,git init,CORRECT,0,0,0,0,0,0
git go feature,git switch feature,WRONG_SUBCOMMAND,0,0,1,6,0,0
git stash --force,git stash,EXTRA_ARG,0,1,1,8,1,0
git status,git status,WRONG_CONTEXT_STATE,1,0,0,0,0,0
git status -f,git status,WRONG_FLAG,0,1,1,3,1,0
git diff,git diff,CORRECT,0,1,1,0,0,0
git stash extra_file.txt,git stash,EXTRA_ARG,0,1,1,15,0,1
git,git diff,MISSING_ARG,0,1,1,5,0,0
cd ..,git init,UNKNOWN,0,0,0,7,0,0
git create,git init,WRONG_SUBCOMMAND,0,0,0,5,0,0
rm -rf test,git branch feature,UNKNOWN,0,0,1,13,1,0
"git commit -m ""Add hello.txt"" --force","git commit -m ""Add hello.txt""",EXTRA_ARG,1,0,1,8,1,0
gitgit switch feature,git switch feature,SYNTAX_ERROR,0,0,1,3,0,0
git merge feature,git merge feature,WRONG_CONTEXT_STATE,1,1,0,0,0,0
git,git status,MISSING_ARG,0,1,1,7,0,0
git merge main,git merge feature,WRONG_ORDER,0,0,1,6,0,0
git merge feature --dry-run,git merge feature,EXTRA_ARG,0,0,1,10,1,0
"git commit -m ""Add","git commit -m ""Add hello.txt""",MISSING_ARG,1,0,1,11,0,-1
git add -u hello.txt,git add hello.txt,DEPRECATED_USAGE,0,1,1,3,1,0
"git commit -m ""Add hellho.txt""","git commit -m ""Add hello.txt""",TYPO,1,0,1,1,0,0
git branch feature extra_file.txt,git branch feature,EXTRA_ARG,0,0,1,15,0,1
git checkout feature,git switch feature,DEPRECATED_USAGE,0,0,1,8,0,0
git dioff,git diff,TYPO,0,1,1,1,0,0
ls -la,git log --oneline,UNKNOWN,0,0,1,13,0,0
git switch feature,git diff,WRONG_ORDER,0,1,1,12,0,1
git commit -m,"git commit -m ""Add hello.txt""",PARTIALLY_CORRECT,1,0,1,16,0,-2
git merge feature --dry-run,git merge feature,WRONG_FLAG,0,0,1,10,1,0
git stash,git stash,WRONG_CONTEXT_STATE,1,0,0,0,0,0
git save,"git commit -m ""Add hello.txt""",WRONG_SUBCOMMAND,1,0,1,24,-1,-2
git log -F,git log --oneline,WRONG_FLAG,0,0,1,8,0,0
git move feature,git switch feature,WRONG_SUBCOMMAND,0,0,1,6,0,0
git show-log,git log --oneline,WRONG_SUBCOMMAND,0,0,1,11,-1,0
git init,git init,CORRECT,0,0,0,0,0,0
gitgit merge feature,git merge feature,SYNTAX_ERROR,0,0,1,3,0,0
"git commit -w ""Add hello.txt""","git commit -m ""Add hello.txt""",WRONG_FLAG,1,0,1,1,0,0
git checkout feature,git switch feature,DEPRECATED_USAGE,0,0,1,8,0,0
git move feature,git switch feature,WRONG_SUBCOMMAND,0,0,1,6,0,0
git merge main,"git commit -m ""Add hello.txt""",WRONG_ORDER,1,0,1,23,-1,-1
git --add hello.txt,git add hello.txt,SYNTAX_ERROR,0,1,1,2,1,0
git merge main,git stash,WRONG_ORDER,0,1,1,9,0,1
cat hello.txt,"git commit -m ""Add hello.txt""",UNKNOWN,1,0,1,17,-1,-2
git new feature,git branch feature,WRONG_SUBCOMMAND,0,0,1,5,0,0
git log -F,git log --oneline,WRONG_FLAG,0,0,1,8,0,0
git init,git init,SYNTAX_ERROR,0,0,0,0,0,0
git switch feature extra_file.txt,git switch feature,EXTRA_ARG,0,0,1,15,0,1
git switch feature,"git commit -m ""Add hello.txt""",WRONG_ORDER,1,0,1,20,-1,-1
git switch feature,git switch feature,CORRECT,0,0,1,0,0,0
git log --oneine,git log --oneline,TYPO,0,0,1,1,0,0
git switch feature,git add hello.txt,WRONG_ORDER,0,1,1,13,0,0
git log -F,git log --oneline,WRONG_FLAG,0,0,1,8,0,0
git diff --force,git diff,EXTRA_ARG,0,1,1,8,1,0
git status --verbose,git status,EXTRA_ARG,0,1,1,10,1,0
git log,git log --oneline,PARTIALLY_CORRECT,0,0,1,10,-1,0
pip install requests,git stash,UNKNOWN,0,1,1,14,0,1
git push origin main,git log --oneline,WRONG_ORDER,0,0,1,13,-1,2
"git comit -m ""Add hellod.txt""","git commit -m ""Add hello.txt""",TYPO,1,0,1,2,0,0
git,git stash,MISSING_ARG,0,1,1,6,0,0
git track hello.txt,git add hello.txt,WRONG_SUBCOMMAND,0,1,1,4,0,0
git,git status,MISSING_ARG,0,1,1,7,0,0
git status -v,git status,WRONG_FLAG,0,1,1,3,1,0
git stash -f,git stash,WRONG_FLAG,0,1,1,3,1,0
gitgit add hello.txt,git add hello.txt,SYNTAX_ERROR,0,1,1,3,0,0
git stash -v,git stash,WRONG_FLAG,0,1,1,3,1,0
git switch feature,git switch feature,CORRECT,0,0,1,0,0,0
git,git status,MISSING_ARG,0,1,1,7,0,0
$ git branch feature,git branch feature,SYNTAX_ERROR,0,0,1,2,0,1
git merge feature,git merge feature,CORRECT,0,0,1,0,0,0
git merge main,git add hello.txt,WRONG_ORDER,0,1,1,12,0,0
git merge main,git log --oneline,WRONG_ORDER,0,0,1,11,-1,1
git stash,git stash,CORRECT,0,1,1,0,0,0
git add,git add hello.txt,PARTIALLY_CORRECT,0,1,1,10,0,-1
diff,git diff,PARTIALLY_CORRECT,0,1,1,4,0,0
pwd,git branch feature,UNKNOWN,0,0,1,18,0,-1
git stash --dry-run,git stash,WRONG_FLAG,0,1,1,10,1,0
git stash,git stash,WRONG_CONTEXT_STATE,1,0,0,0,0,0
git --add hello.txt,git add hello.txt,SYNTAX_ERROR,0,1,1,2,1,0
git push origin main,git stash,WRONG_ORDER,0,1,1,14,0,2
git push origin main,git log --oneline,WRONG_ORDER,0,0,1,13,-1,2
gitgit stash,git stash,SYNTAX_ERROR,0,1,1,3,0,0
git init,git init,WRONG_CONTEXT_STATE,1,1,1,0,0,0
git diff,git diff,CORRECT,0,1,1,0,0,0
git add hello.txt,git add hello.txt,CORRECT,0,1,1,0,0,0
git branch feature -v,git branch feature,WRONG_FLAG,0,0,1,3,1,0
git log --oneline,git log --oneline,CORRECT,0,0,1,0,0,0
git merge main,git status,WRONG_ORDER,0,1,1,10,0,1
git switch feature --dry-run,git switch feature,WRONG_FLAG,0,0,1,10,1,0
git log -F,git log --oneline,WRONG_FLAG,0,0,1,8,0,0
rm -rf test,git merge feature,UNKNOWN,0,0,1,12,1,0
git snapshot,"git commit -m ""Add hello.txt""",WRONG_SUBCOMMAND,1,0,1,22,-1,-2
$ git merge feature,git merge feature,SYNTAX_ERROR,0,0,1,2,0,1
git add hello.txt,git add hello.txt,CORRECT,0,1,1,0,0,0
git diff --verbose,git diff,EXTRA_ARG,0,1,1,10,1,0
gitx diff,git diff,TYPO,0,1,1,1,0,0
git switch,git switch feature,MISSING_ARG,0,0,1,8,0,-1
init,git init,PARTIALLY_CORRECT,0,0,0,4,0,0
"git commit -m ""Add hello.txt"" --dry-run","git commit -m ""Add hello.txt""",EXTRA_ARG,1,0,1,10,1,0
git add hello.txt,git add hello.txt,WRONG_CONTEXT_STATE,1,0,0,0,0,0
git diff --verbose,git diff,WRONG_FLAG,0,1,1,10,1,0
git,git init,MISSING_ARG,0,0,0,5,0,0
git,git stash,MISSING_ARG,0,1,1,6,0,0
git compare,git diff,WRONG_SUBCOMMAND,0,1,1,7,0,0
git branch -b feature,git branch feature,DEPRECATED_USAGE,0,0,1,3,1,0
rm -rf test,git init,UNKNOWN,0,0,0,9,1,1
git swih feature,git switch feature,TYPO,0,0,1,2,0,0
git branch,git branch feature,PARTIALLY_CORRECT,0,0,1,8,0,-1
git stash -v,git stash,EXTRA_ARG,0,1,1,3,1,0
git switch,git switch feature,MISSING_ARG,0,0,1,8,0,-1
git init --dry-run,git init,EXTRA_ARG,0,0,0,10,1,0
pwd,git branch feature,UNKNOWN,0,0,1,18,0,-1
"git commit -m ""Add hello.txt""","git commit -m ""Add hello.txt""",WRONG_CONTEXT_STATE,0,1,0,0,0,0
gitgit branch feature,git branch feature,SYNTAX_ERROR,0,0,1,3,0,0
git branch feature,git branch feature,WRONG_CONTEXT_STATE,1,1,0,0,0,0
git log,git log --oneline,PARTIALLY_CORRECT,0,0,1,10,-1,0
gitdiff,git diff,SYNTAX_ERROR,0,1,1,1,0,0
git staus,git status,TYPO,0,1,1,1,0,0
git log --pretty=oneline,git log --oneline,DEPRECATED_USAGE,0,0,1,7,0,0
git merge feature -v,git merge feature,EXTRA_ARG,0,0,1,3,1,0
git checkout feature,git switch feature,DEPRECATED_USAGE,0,0,1,8,0,0
git merge feature,git merge feature,WRONG_CONTEXT_STATE,1,1,0,0,0,0
git change feature,git switch feature,WRONG_SUBCOMMAND,0,0,1,6,0,0
git switch feature,git status,WRONG_ORDER,0,1,1,9,0,1
$ git stash,git stash,SYNTAX_ERROR,0,1,1,2,0,1
git merge feature --verbose,git merge feature,WRONG_FLAG,0,0,1,10,1,0
git add hello.txt -f,git add hello.txt,WRONG_FLAG,0,1,1,3,1,0
git branch,git branch feature,PARTIALLY_CORRECT,0,0,1,8,0,-1
git,git init,MISSING_ARG,0,0,0,5,0,0
git add,git add hello.txt,PARTIALLY_CORRECT,0,1,1,10,0,-1
git addahello.txt,git add hello.txt,TYPO,0,1,1,1,0,-1
git,git init,MISSING_ARG,0,0,0,5,0,0
git merge feature,git merge feature,WRONG_CONTEXT_STATE,1,1,0,0,0,0
git branch feature,git branch feature,SYNTAX_ERROR,0,0,1,0,0,0
git commit -m 'message',git status,WRONG_ORDER,0,1,1,17,1,1
rm -rf test,git diff,UNKNOWN,0,1,1,10,1,1
git switch,git switch feature,MISSING_ARG,0,0,1,8,0,-1
git switch feature,git switch feature,CORRECT,0,0,1,0,0,0
git checkout feature,git switch feature,DEPRECATED_USAGE,0,0,1,8,0,0
$ git log --oneline,git log --oneline,SYNTAX_ERROR,0,0,1,2,0,1
git branch feature --verbose,git branch feature,WRONG_FLAG,0,0,1,10,1,0
git checkout feature,git switch feature,DEPRECATED_USAGE,0,0,1,8,0,0
giut sztash,git stash,TYPO,0,1,1,2,0,0
$ git diff,git diff,SYNTAX_ERROR,0,1,1,2,0,1
git combine feature,git merge feature,WRONG_SUBCOMMAND,0,0,1,5,0,0
git stash,git stash,WRONG_CONTEXT_STATE,1,0,0,0,0,0
status,git status,PARTIALLY_CORRECT,0,1,1,4,0,0
git,git status,MISSING_ARG,0,1,1,7,0,0
git switch=feature,git switch feature,SYNTAX_ERROR,0,0,1,1,0,-1
giut inot,git init,TYPO,0,0,0,2,0,0
"git commit -m ""Add hello.txt""","git commit -m ""Add hello.txt""",WRONG_CONTEXT_STATE,0,1,0,0,0,0
git switch feature,git branch feature,WRONG_ORDER,0,0,1,4,0,0
git log --oneline,git log --oneline,CORRECT,0,0,1,0,0,0
rm -rf test,git stash,UNKNOWN,0,1,1,9,1,1
$ git branch feature,git branch feature,SYNTAX_ERROR,0,0,1,2,0,1
git status -s,git status,DEPRECATED_USAGE,0,1,1,3,1,0
git status --force,git status,EXTRA_ARG,0,1,1,8,1,0
git,git stash,MISSING_ARG,0,1,1,6,0,0
git checkout feature,git switch feature,DEPRECATED_USAGE,0,0,1,8,0,0
git merge main,git status,WRONG_ORDER,0,1,1,10,0,1
git show-diff,git diff,WRONG_SUBCOMMAND,0,1,1,5,0,0
git stash --force,git stash,EXTRA_ARG,0,1,1,8,1,0
git branchhfeature,git branch feature,TYPO,0,0,1,1,0,-1
git log --pretty=oneline,git log --oneline,DEPRECATED_USAGE,0,0,1,7,0,0
git diff HEAD,git diff,DEPRECATED_USAGE,0,1,1,5,0,1
git log -F,git log --oneline,WRONG_FLAG,0,0,1,8,0,0
gitgit switch feature,git switch feature,SYNTAX_ERROR,0,0,1,3,0,0
git branch feature,git branch feature,WRONG_CONTEXT_STATE,1,1,0,0,0,0
git yswitch feature,git switch feature,TYPO,0,0,1,1,0,0
diff,git diff,PARTIALLY_CORRECT,0,1,1,4,0,0
git push origin main,git merge feature,WRONG_ORDER,0,0,1,15,0,1
git status --all,git status,EXTRA_ARG,0,1,1,6,1,0
git merge --no-ff feature,git merge feature,DEPRECATED_USAGE,0,0,1,8,1,0
gitbranch feature,git branch feature,TYPO,0,0,1,1,0,-1
git diff --verbose,git diff,EXTRA_ARG,0,1,1,10,1,0
python script.py,git switch feature,UNKNOWN,0,0,1,15,0,-1
git status -v,git status,EXTRA_ARG,0,1,1,3,1,0
git log --pretty=oneline,git log --oneline,DEPRECATED_USAGE,0,0,1,7,0,0
git commit -m 'message',"git commit -m ""Add hello.txt""",WRONG_ORDER,1,0,1,14,0,-1
git status -s,git status,DEPRECATED_USAGE,0,1,1,3,1,0
git tstatus,git status,TYPO,0,1,1,1,0,0
cat hello.txt,git add hello.txt,UNKNOWN,0,1,1,6,0,-1
git add,git add hello.txt,MISSING_ARG,0,1,1,10,0,-1
git satus,git status,TYPO,0,1,1,1,0,0
"git commit -m ""Add hello.txt""","git commit -m ""Add hello.txt""",CORRECT,1,0,1,0,0,0
git,git status,MISSING_ARG,0,1,1,7,0,0
git diff -v,git diff,EXTRA_ARG,0,1,1,3,1,0
git init .,git init,DEPRECATED_USAGE,0,0,0,2,0,1
git merge --no-ff feature,git merge feature,DEPRECATED_USAGE,0,0,1,8,1,0
pwd,git merge feature,UNKNOWN,0,0,1,17,0,-1
git add,git add hello.txt,PARTIALLY_CORRECT,0,1,1,10,0,-1
git diff -f,git diff,WRONG_FLAG,0,1,1,3,1,0
git status,git status,SYNTAX_ERROR,0,1,1,0,0,0
git log --oneline,git log --oneline,CORRECT,0,0,1,0,0,0
git branch feature --all,git branch feature,EXTRA_ARG,0,0,1,6,1,0
git record,"git commit -m ""Add hello.txt""",WRONG_SUBCOMMAND,1,0,1,23,-1,-2
"git commit -m ""Add hello.txt"" --verbose","git commit -m ""Add hello.txt""",EXTRA_ARG,1,0,1,10,1,0
gitstatus,git status,TYPO,0,1,1,1,0,0
git stash save,git stash,DEPRECATED_USAGE,0,1,1,5,0,1
git commit --message 'Add hello.txt',"git commit -m ""Add hello.txt""",DEPRECATED_USAGE,1,0,1,9,0,0
npm install,git merge feature,UNKNOWN,0,0,1,14,0,-1
git commit --message 'Add hello.txt',"git commit -m ""Add hello.txt""",DEPRECATED_USAGE,1,0,1,9,0,0
npm install,git branch feature,UNKNOWN,0,0,1,15,0,-1
"git commit -m ""Add hello.txt""","git commit -m ""Add hello.txt""",CORRECT,1,0,1,0,0,0
git log -F,git log --oneline,WRONG_FLAG,0,0,1,8,0,0
gitm mere feature,git merge feature,TYPO,0,0,1,2,0,0
git checkout feature,git switch feature,DEPRECATED_USAGE,0,0,1,8,0,0
git log --oneline,git log --oneline,WRONG_CONTEXT_STATE,1,1,0,0,0,0
git add hello.txt,git add hello.txt,WRONG_CONTEXT_STATE,1,0,0,0,0,0
git branch,git branch feature,MISSING_ARG,0,0,1,8,0,-1
git move feature,git switch feature,WRONG_SUBCOMMAND,0,0,1,6,0,0
cd ..,git status,UNKNOWN,0,1,1,9,0,0
"git commit -w ""Add hello.txt""","git commit -m ""Add hello.txt""",WRONG_FLAG,1,0,1,1,0,0
"git commit -m ""Add hello.txt""","git commit -m ""Add hello.txt""",WRONG_CONTEXT_STATE,0,1,0,0,0,0
cat hello.txt,git stash,UNKNOWN,0,1,1,11,0,0
git bdanch fature,git branch feature,TYPO,0,0,1,2,0,0
pwd,git init,UNKNOWN,0,0,0,8,0,0
git switch feature,git merge feature,WRONG_ORDER,0,0,1,6,0,0
git switch feature,git init,WRONG_ORDER,0,0,0,12,0,1
gitgdiff,git diff,TYPO,0,1,1,1,0,0
gitaddhello.txt,git add hello.txt,SYNTAX_ERROR,0,1,1,2,0,-1
git add hello.txt,git add hello.txt,CORRECT,0,1,1,0,0,0
git add dhello.txt,git add hello.txt,TYPO,0,1,1,1,0,0
git log,git log --oneline,PARTIALLY_CORRECT,0,0,1,10,-1,0
git init,git init,CORRECT,0,0,0,0,0,0
git commit --message 'Add hello.txt',"git commit -m ""Add hello.txt""",DEPRECATED_USAGE,1,0,1,9,0,0
git switch feature -v,git switch feature,WRONG_FLAG,0,0,1,3,1,0
git branch feature -f,git branch feature,WRONG_FLAG,0,0,1,3,1,0
git switch feature --verbose,git switch feature,EXTRA_ARG,0,0,1,10,1,0
mkdir test,git status,UNKNOWN,0,1,1,9,0,0
ls -la,git merge feature,UNKNOWN,0,0,1,15,1,-1
git,git init,MISSING_ARG,0,0,0,5,0,0
git branch feature --all,git branch feature,EXTRA_ARG,0,0,1,6,1,0
git switch feature --verbose,git switch feature,WRONG_FLAG,0,0,1,10,1,0
git log --oneline --all,git log --oneline,EXTRA_ARG,0,0,1,6,1,0
git log -F,git log --oneline,WRONG_FLAG,0,0,1,8,0,0
git stash,git stash,CORRECT,0,1,1,0,0,0
git status -s,git status,DEPRECATED_USAGE,0,1,1,3,1,0
git log k--oneline,git log --oneline,TYPO,0,0,1,1,-1,1
rm -rf test,"git commit -m ""Add hello.txt""",UNKNOWN,1,0,1,23,0,-1
git add,git add hello.txt,MISSING_ARG,0,1,1,10,0,-1
git switch feature,git switch feature,WRONG_CONTEXT_STATE,1,1,0,0,0,0
git switch feattre,git switch feature,TYPO,0,0,1,1,0,0
git join feature,git merge feature,WRONG_SUBCOMMAND,0,0,1,5,0,0
"git commit -w ""Add hello.txt""","git commit -m ""Add hello.txt""",WRONG_FLAG,1,0,1,1,0,0
git status,git status,WRONG_CONTEXT_STATE,1,0,0,0,0,0
git merge feature extra_file.txt,git merge feature,EXTRA_ARG,0,0,1,15,0,1
gitstatus,git status,SYNTAX_ERROR,0,1,1,1,0,0
git merge feature,git merge feature,CORRECT,0,0,1,0,0,0
git add hello.txt extra_file.txt,git add hello.txt,EXTRA_ARG,0,1,1,15,0,1
git diff,git diff,SYNTAX_ERROR,0,1,1,0,0,0
git commit -m 'message',git branch feature,WRONG_ORDER,0,0,1,16,1,0
git branch featlure,git branch feature,TYPO,0,0,1,1,0,0
git log,git log --oneline,MISSING_ARG,0,0,1,10,-1,0
git branch feature,git branch feature,CORRECT,0,0,1,0,0,0
git init -f,git init,WRONG_FLAG,0,0,0,3,1,0
git stafus,git status,TYPO,0,1,1,1,0,0
echo hello,git log --oneline,UNKNOWN,0,0,1,13,-1,0
git create,git init,WRONG_SUBCOMMAND,0,0,0,5,0,0
rm -rf test,git add hello.txt,UNKNOWN,0,1,1,13,1,0
git compare,git diff,WRONG_SUBCOMMAND,0,1,1,7,0,0
git diff -v,git diff,EXTRA_ARG,0,1,1,3,1,0
git switch feature --verbose,git switch feature,EXTRA_ARG,0,0,1,10,1,0
git log --pretty=oneline,git log --oneline,DEPRECATED_USAGE,0,0,1,7,0,0
git switch,git switch feature,MISSING_ARG,0,0,1,8,0,-1
rm -rf test,git init,UNKNOWN,0,0,0,9,1,1
git push origin main,git switch feature,WRONG_ORDER,0,0,1,15,0,1
git save-work,git stash,WRONG_SUBCOMMAND,0,1,1,8,0,0
git switch=feature,git switch feature,SYNTAX_ERROR,0,0,1,1,0,-1
git branch feature --verbose,git branch feature,EXTRA_ARG,0,0,1,10,1,0
git add hello.txt,git add hello.txt,CORRECT,0,1,1,0,0,0
git move feature,git switch feature,WRONG_SUBCOMMAND,0,0,1,6,0,0
"git commit -m ""Add hello.txt"" extra_file.txt","git commit -m ""Add hello.txt""",EXTRA_ARG,1,0,1,15,0,1
"git commit -m ""Add hello.txt""","git commit -m ""Add hello.txt""",CORRECT,1,0,1,0,0,0
"git commit -m ""Add hello.txt"" --force","git commit -m ""Add hello.txt""",EXTRA_ARG,1,0,1,8,1,0
git status extra_file.txt,git status,EXTRA_ARG,0,1,1,15,0,1
gxit sbatus,git status,TYPO,0,1,1,2,0,0
git commit -m 'message',git branch feature,WRONG_ORDER,0,0,1,16,1,0
git diff HEAD,git diff,DEPRECATED_USAGE,0,1,1,5,0,1
git add,git add hello.txt,PARTIALLY_CORRECT,0,1,1,10,0,-1
git status,git status,CORRECT,0,1,1,0,0,0
git switch feature,git switch feature,SYNTAX_ERROR,0,0,1,0,0,0
git init -f,git init,WRONG_FLAG,0,0,0,3,1,0
"git commit -m ""Add hello.txt"" extra_file.txt","git commit -m ""Add hello.txt""",EXTRA_ARG,1,0,1,15,0,1
git show,git status,WRONG_SUBCOMMAND,0,1,1,5,0,0
git branch feature,git switch feature,PARTIALLY_CORRECT,0,0,1,4,0,0
git save-work,git stash,WRONG_SUBCOMMAND,0,1,1,8,0,0
git merge=feature,git merge feature,SYNTAX_ERROR,0,0,1,1,0,-1
git merge main,git log --oneline,WRONG_ORDER,0,0,1,11,-1,1
git diff --dry-run,git diff,WRONG_FLAG,0,1,1,10,1,0
git commit --message 'Add hello.txt',"git commit -m ""Add hello.txt""",DEPRECATED_USAGE,1,0,1,9,0,0
git switch feature,"git commit -m ""Add hello.txt""",WRONG_ORDER,1,0,1,20,-1,-1
git switch feature extra_file.txt,git switch feature,EXTRA_ARG,0,0,1,15,0,1
gitgit diff,git diff,SYNTAX_ERROR,0,1,1,3,0,0
git switch feature,git merge feature,WRONG_ORDER,0,0,1,6,0,0
$ git log --oneline,git log --oneline,SYNTAX_ERROR,0,0,1,2,0,1
git sta,git stash,PARTIALLY_CORRECT,0,1,1,2,0,0
git stash --verbose,git stash,EXTRA_ARG,0,1,1,10,1,0
git stash --all,git stash,EXTRA_ARG,0,1,1,6,1,0
echo hello,git switch feature,UNKNOWN,0,0,1,15,0,-1
git add hello.trt,git add hello.txt,TYPO,0,1,1,1,0,0
git add hello.txt,git add hello.txt,WRONG_CONTEXT_STATE,1,0,0,0,0,0
git diff,git diff,CORRECT,0,1,1,0,0,0
git lit,git init,TYPO,0,0,0,2,0,0
git status,git status,CORRECT,0,1,1,0,0,0
git branch,git branch feature,MISSING_ARG,0,0,1,8,0,-1
git merge main,git branch feature,WRONG_ORDER,0,0,1,12,0,0
git commit,"git commit -m ""Add hello.txt""",PARTIALLY_CORRECT,1,0,1,19,-1,-2
git log,git log --oneline,MISSING_ARG,0,0,1,10,-1,0
git push origin main,git log --oneline,WRONG_ORDER,0,0,1,13,-1,2
git log,git log --oneline,MISSING_ARG,0,0,1,10,-1,0
git combine feature,git merge feature,WRONG_SUBCOMMAND,0,0,1,5,0,0
git diff --verbose,git diff,EXTRA_ARG,0,1,1,10,1,0
rm -rf test,git merge feature,UNKNOWN,0,0,1,12,1,0
git log,git log --oneline,MISSING_ARG,0,0,1,10,-1,0
git commit -m 'message',git status,WRONG_ORDER,0,1,1,17,1,1
git push,"git commit -m ""Add hello.txt""",WRONG_SUBCOMMAND,1,0,1,24,-1,-2
git history,git log --oneline,WRONG_SUBCOMMAND,0,0,1,12,-1,0
git log --oneline -v,git log --oneline,EXTRA_ARG,0,0,1,3,1,0
diff,git diff,PARTIALLY_CORRECT,0,1,1,4,0,0
git stash --verbose,git stash,WRONG_FLAG,0,1,1,10,1,0
git init .,git init,DEPRECATED_USAGE,0,0,0,2,0,1
git stash -v,git stash,WRONG_FLAG,0,1,1,3,1,0
git branch feature -v,git branch feature,EXTRA_ARG,0,0,1,3,1,0
git merge feature -v,git merge feature,WRONG_FLAG,0,0,1,3,1,0
git log,git log --oneline,PARTIALLY_CORRECT,0,0,1,10,-1,0
diff,git diff,PARTIALLY_CORRECT,0,1,1,4,0,0
git init --verbose,git init,EXTRA_ARG,0,0,0,10,1,0
git merge,git merge feature,MISSING_ARG,0,0,1,8,0,-1
git switch feature,git switch feature,CORRECT,0,0,1,0,0,0
gitgit log --oneline,git log --oneline,SYNTAX_ERROR,0,0,1,3,0,0
ls -la,git switch feature,UNKNOWN,0,0,1,15,1,-1
git merge feature -f,git merge feature,WRONG_FLAG,0,0,1,3,1,0
git stash,git stash,CORRECT,0,1,1,0,0,0
$ git merge feature,git merge feature,SYNTAX_ERROR,0,0,1,2,0,1
git branch,git branch feature,MISSING_ARG,0,0,1,8,0,-1
git new feature,git branch feature,WRONG_SUBCOMMAND,0,0,1,5,0,0
git switch feature --verbose,git switch feature,EXTRA_ARG,0,0,1,10,1,0
$ git init,git init,SYNTAX_ERROR,0,0,0,2,0,1
git,git stash,MISSING_ARG,0,1,1,6,0,0
git switmch feature,git switch feature,TYPO,0,0,1,1,0,0
rm -rf test,git log --oneline,UNKNOWN,0,0,1,14,0,1
git branch feature,git branch feature,WRONG_CONTEXT_STATE,1,1,0,0,0,0
git commits,git log --oneline,WRONG_SUBCOMMAND,0,0,1,11,-1,0
git track hello.txt,git add hello.txt,WRONG_SUBCOMMAND,0,1,1,4,0,0
git add hello.txt -v,git add hello.txt,EXTRA_ARG,0,1,1,3,1,0
cat hello.txt,git add hello.txt,UNKNOWN,0,1,1,6,0,-1
git log -F,git log --oneline,WRONG_FLAG,0,0,1,8,0,0
git status --dry-run,git status,EXTRA_ARG,0,1,1,10,1,0
rm -rf test,git branch feature,UNKNOWN,0,0,1,13,1,0
git log --oneline,git log --oneline,WRONG_CONTEXT_STATE,1,1,0,0,0,0
ls -la,"git commit -m ""Add hello.txt""",UNKNOWN,1,0,1,26,0,-2
gitgit init,git init,SYNTAX_ERROR,0,0,0,3,0,0
diff,git diff,PARTIALLY_CORRECT,0,1,1,4,0,0
giot diff,git diff,TYPO,0,1,1,1,0,0
git switch,git switch feature,MISSING_ARG,0,0,1,8,0,-1
git add hello.txt,git add hello.txt,CORRECT,0,1,1,0,0,0
git log,git log --oneline,PARTIALLY_CORRECT,0,0,1,10,-1,0
git switch feature,git switch feature,WRONG_CONTEXT_STATE,1,1,0,0,0,0
gvit branh feature,git branch feature,TYPO,0,0,1,2,0,0
git,git init,MISSING_ARG,0,0,0,5,0,0
git merge feature --dry-run,git merge feature,EXTRA_ARG,0,0,1,10,1,0
git switch feature,git log --oneline,WRONG_ORDER,0,0,1,12,-1,1
git status -s,git status,DEPRECATED_USAGE,0,1,1,3,1,0
git merge,git merge feature,MISSING_ARG,0,0,1,8,0,-1
git merge --no-ff feature,git merge feature,DEPRECATED_USAGE,0,0,1,8,1,0
mkdir test,git status,UNKNOWN,0,1,1,9,0,0
git commit -m 'message',git branch feature,WRONG_ORDER,0,0,1,16,1,0
git statu,git status,TYPO,0,1,1,1,0,0
"git commit -m ""Add hello.txt""","git commit -m ""Add hello.txt""",WRONG_CONTEXT_STATE,0,1,0,0,0,0
git sta,git stash,PARTIALLY_CORRECT,0,1,1,2,0,0
$ git branch feature,git branch feature,SYNTAX_ERROR,0,0,1,2,0,1
"git commit=-m=""Add=hello.txt""","git commit -m ""Add hello.txt""",SYNTAX_ERROR,1,0,1,3,-1,-2
"git commit -w ""Add hello.txt""","git commit -m ""Add hello.txt""",WRONG_FLAG,1,0,1,1,0,0
git hide,git stash,WRONG_SUBCOMMAND,0,1,1,5,0,0
git push origin main,git merge feature,WRONG_ORDER,0,0,1,15,0,1
git checkout feature,git switch feature,DEPRECATED_USAGE,0,0,1,8,0,0
git log -F,git log --oneline,WRONG_FLAG,0,0,1,8,0,0
git log --pretty=oneline,git log --oneline,DEPRECATED_USAGE,0,0,1,7,0,0
git branch feature --verbose,git branch feature,WRONG_FLAG,0,0,1,10,1,0
git add .txt,git add hello.txt,PARTIALLY_CORRECT,0,1,1,5,0,0
"git crommit -m ""Add hello.txt""","git commit -m ""Add hello.txt""",TYPO,1,0,1,1,0,0
git commit -m 'message',git branch feature,WRONG_ORDER,0,0,1,16,1,0
gitgit status,git status,SYNTAX_ERROR,0,1,1,3,0,0
"git commit -m ""Add hello.txt""","git commit -m ""Add hello.txt""",CORRECT,1,0,1,0,0,0
git stash --dry-run,git stash,WRONG_FLAG,0,1,1,10,1,0
python script.py,git status,UNKNOWN,0,1,1,12,0,0
git log --pretty=oneline,git log --oneline,DEPRECATED_USAGE,0,0,1,7,0,0
git merge,git merge feature,PARTIALLY_CORRECT,0,0,1,8,0,-1
git diff --verbose,git diff,EXTRA_ARG,0,1,1,10,1,0
git,git diff,MISSING_ARG,0,1,1,5,0,0
git,git status,MISSING_ARG,0,1,1,7,0,0
git merge --no-ff feature,git merge feature,DEPRECATED_USAGE,0,0,1,8,1,0
git log --oneline --all,git log --oneline,EXTRA_ARG,0,0,1,6,1,0
git branch,git branch feature,PARTIALLY_CORRECT,0,0,1,8,0,-1
"git commit -m ""Add","git commit -m ""Add hello.txt""",MISSING_ARG,1,0,1,11,0,-1
git switch,git switch feature,MISSING_ARG,0,0,1,8,0,-1
"git commit -w ""Add hello.txt""","git commit -m ""Add hello.txt""",WRONG_FLAG,1,0,1,1,0,0
git,git stash,MISSING_ARG,0,1,1,6,0,0
git log --oneline,git log --oneline,CORRECT,0,0,1,0,0,0
"git commit -w ""Add hello.txt""","git commit -m ""Add hello.txt""",WRONG_FLAG,1,0,1,1,0,0
git commit,"git commit -m ""Add hello.txt""",PARTIALLY_CORRECT,1,0,1,19,-1,-2
git commit -m 'message',git diff,WRONG_ORDER,0,1,1,18,1,1
cd ..,git add hello.txt,UNKNOWN,0,1,1,14,0,-1
git diff,git diff,WRONG_CONTEXT_STATE,1,0,0,0,0,0
git diff,git diff,CORRECT,0,1,1,0,0,0
git go feature,git switch feature,WRONG_SUBCOMMAND,0,0,1,6,0,0
git,git status,PARTIALLY_CORRECT,0,1,1,7,0,0
git branch,git branch feature,PARTIALLY_CORRECT,0,0,1,8,0,-1
git changes,git diff,WRONG_SUBCOMMAND,0,1,1,7,0,0
git,git diff,MISSING_ARG,0,1,1,5,0,0
git sta,git stash,PARTIALLY_CORRECT,0,1,1,2,0,0
git stash --verbose,git stash,EXTRA_ARG,0,1,1,10,1,0
git add hello.txt --verbose,git add hello.txt,EXTRA_ARG,0,1,1,10,1,0
git stage hello.txt,git add hello.txt,WRONG_SUBCOMMAND,0,1,1,4,0,0
"git commit -m ""Add hello.txt""","git commit -m ""Add hello.txt""",WRONG_CONTEXT_STATE,0,1,0,0,0,0
git switch feature,git branch feature,WRONG_ORDER,0,0,1,4,0,0
git stash --force,git stash,EXTRA_ARG,0,1,1,8,1,0
git stash,git stash,WRONG_CONTEXT_STATE,1,0,0,0,0,0
grit switch feature,git switch feature,TYPO,0,0,1,1,0,0
$ git add hello.txt,git add hello.txt,SYNTAX_ERROR,0,1,1,2,0,1
git switch feature -f,git switch feature,WRONG_FLAG,0,0,1,3,1,0
git switch feature,git status,WRONG_ORDER,0,1,1,9,0,1
git merge main,git init,WRONG_ORDER,0,0,0,9,0,1
git diff,git diff,CORRECT,0,1,1,0,0,0
git checkout feature,git switch feature,DEPRECATED_USAGE,0,0,1,8,0,0
git diff --verbose,git diff,WRONG_FLAG,0,1,1,10,1,0
npm install,git add hello.txt,UNKNOWN,0,1,1,14,0,-1
git commit -m 'message',git add hello.txt,WRONG_ORDER,0,1,1,18,1,0
git status -v,git status,EXTRA_ARG,0,1,1,3,1,0
git branch feature -v,git branch feature,EXTRA_ARG,0,0,1,3,1,0
git dif,git diff,TYPO,0,1,1,1,0,0
git --log --oneline,git log --oneline,SYNTAX_ERROR,0,0,1,2,1,0
git push origin main,git status,WRONG_ORDER,0,1,1,15,0,2
git merge feature,git merge feature,CORRECT,0,0,1,0,0,0
git merge feature,git merge feature,WRONG_CONTEXT_STATE,1,1,0,0,0,0
git diff -f,git diff,WRONG_FLAG,0,1,1,3,1,0
git combine feature,git merge feature,WRONG_SUBCOMMAND,0,0,1,5,0,0
git branch feature,git branch feature,CORRECT,0,0,1,0,0,0
git init .,git init,DEPRECATED_USAGE,0,0,0,2,0,1
git commit --message 'Add hello.txt',"git commit -m ""Add hello.txt""",DEPRECATED_USAGE,1,0,1,9,0,0
git switch feature,git switch feature,CORRECT,0,0,1,0,0,0
git add .txt,git add hello.txt,PARTIALLY_CORRECT,0,1,1,5,0,0
gitvinit,git init,TYPO,0,0,0,1,0,0
git commit --message 'Add hello.txt',"git commit -m ""Add hello.txt""",DEPRECATED_USAGE,1,0,1,9,0,0
"git commit -m ""Adi hello.txt""","git commit -m ""Add hello.txt""",TYPO,1,0,1,1,0,0
git diff --dry-run,git diff,EXTRA_ARG,0,1,1,10,1,0
git merge --no-ff feature,git merge feature,DEPRECATED_USAGE,0,0,1,8,1,0
git,git init,PARTIALLY_CORRECT,0,0,0,5,0,0
git merge feature extra_file.txt,git merge feature,EXTRA_ARG,0,0,1,15,0,1
git record,"git commit -m ""Add hello.txt""",WRONG_SUBCOMMAND,1,0,1,23,-1,-2
git,git init,PARTIALLY_CORRECT,0,0,0,5,0,0
git,git init,MISSING_ARG,0,0,0,5,0,0
git status,git status,CORRECT,0,1,1,0,0,0
git sta,git stash,PARTIALLY_CORRECT,0,1,1,2,0,0
mkdir test,git switch feature,UNKNOWN,0,0,1,14,0,-1
git merge feature --dry-run,git merge feature,EXTRA_ARG,0,0,1,10,1,0
git join feature,git merge feature,WRONG_SUBCOMMAND,0,0,1,5,0,0
git switch feature --force,git switch feature,EXTRA_ARG,0,0,1,8,1,0
git switch feature --dry-run,git switch feature,WRONG_FLAG,0,0,1,10,1,0
git status -s,git status,DEPRECATED_USAGE,0,1,1,3,1,0
git,git init,PARTIALLY_CORRECT,0,0,0,5,0,0
git,git status,MISSING_ARG,0,1,1,7,0,0
mkdir test,git init,UNKNOWN,0,0,0,7,0,0
git switch feature,git add hello.txt,WRONG_ORDER,0,1,1,13,0,0
git create feature,git branch feature,WRONG_SUBCOMMAND,0,0,1,5,0,0
"git commit -m ""Add hello.txt""","git commit -m ""Add hello.txt""",WRONG_CONTEXT_STATE,0,1,0,0,0,0
git switch feature extra_file.txt,git switch feature,EXTRA_ARG,0,0,1,15,0,1
git switch feature,git diff,WRONG_ORDER,0,1,1,12,0,1
git stass,git stash,TYPO,0,1,1,1,0,0
init,git init,PARTIALLY_CORRECT,0,0,0,4,0,0
git status,git status,CORRECT,0,1,1,0,0,0
"git commit -m ""Add hello.txt""","git commit -m ""Add hello.txt""",WRONG_CONTEXT_STATE,0,1,0,0,0,0
"git commit -m Add hello.txt""","git commit -m ""Add hello.txt""",TYPO,1,0,1,1,0,0
git commit --message 'Add hello.txt',"git commit -m ""Add hello.txt""",DEPRECATED_USAGE,1,0,1,9,0,0
git switch feature,git branch feature,WRONG_ORDER,0,0,1,4,0,0
git branch feature,git branch feature,WRONG_CONTEXT_STATE,1,1,0,0,0,0
git log -F,git log --oneline,WRONG_FLAG,0,0,1,8,0,0
ls -la,git log --oneline,UNKNOWN,0,0,1,13,0,0
git branch feature,git branch feature,WRONG_CONTEXT_STATE,1,1,0,0,0,0
git status,git status,WRONG_CONTEXT_STATE,1,0,0,0,0,0
git stash save,git stash,DEPRECATED_USAGE,0,1,1,5,0,1
git init .,git init,DEPRECATED_USAGE,0,0,0,2,0,1
gitgit stash,git stash,SYNTAX_ERROR,0,1,1,3,0,0
cat hello.txt,git log --oneline,UNKNOWN,0,0,1,14,-1,0
git stash --verbose,git stash,EXTRA_ARG,0,1,1,10,1,0
git diff,git diff,CORRECT,0,1,1,0,0,0
git log --oneline,git log --oneline,CORRECT,0,0,1,0,0,0
git stash --all,git stash,EXTRA_ARG,0,1,1,6,1,0
git,git init,PARTIALLY_CORRECT,0,0,0,5,0,0
"$ git commit -m ""Add hello.txt""","git commit -m ""Add hello.txt""",SYNTAX_ERROR,1,0,1,2,0,1
git commits,git log --oneline,WRONG_SUBCOMMAND,0,0,1,11,-1,0
git --merge feature,git merge feature,SYNTAX_ERROR,0,0,1,2,1,0
git switch feature,git log --oneline,WRONG_ORDER,0,0,1,12,-1,1
git status -s,git status,DEPRECATED_USAGE,0,1,1,3,1,0
git switch feature -f,git switch feature,WRONG_FLAG,0,0,1,3,1,0
git commit -m 'message',"git commit -m ""Add hello.txt""",WRONG_ORDER,1,0,1,14,0,-1
git merge feature --dry-run,git merge feature,EXTRA_ARG,0,0,1,10,1,0
git record,"git commit -m ""Add hello.txt""",WRONG_SUBCOMMAND,1,0,1,23,-1,-2
git add hello.txt --verbose,git add hello.txt,WRONG_FLAG,0,1,1,10,1,0
mkdir test,git branch feature,UNKNOWN,0,0,1,14,0,-1
git switch feature --verbose,git switch feature,EXTRA_ARG,0,0,1,10,1,0
git merge main,git add hello.txt,WRONG_ORDER,0,1,1,12,0,0
git log -F,git log --oneline,WRONG_FLAG,0,0,1,8,0,0
git,git init,MISSING_ARG,0,0,0,5,0,0
"git commit -w ""Add hello.txt""","git commit -m ""Add hello.txt""",WRONG_FLAG,1,0,1,1,0,0
git branch feature,git branch feature,WRONG_CONTEXT_STATE,1,1,0,0,0,0
givwt diff,git diff,TYPO,0,1,1,2,0,0
git merge --no-ff feature,git merge feature,DEPRECATED_USAGE,0,0,1,8,1,0
pip install requests,git merge feature,UNKNOWN,0,0,1,16,0,0
git diff,git diff,WRONG_CONTEXT_STATE,1,0,0,0,0,0
git merge,git merge feature,PARTIALLY_CORRECT,0,0,1,8,0,-1
"git commit -m ""Add","git commit -m ""Add hello.txt""",MISSING_ARG,1,0,1,11,0,-1
git --init,git init,SYNTAX_ERROR,0,0,0,2,1,0
git add,git add hello.txt,MISSING_ARG,0,1,1,10,0,-1
git switch,git switch feature,MISSING_ARG,0,0,1,8,0,-1
cat hello.txt,git init,UNKNOWN,0,0,0,10,0,0
git init,git init,WRONG_CONTEXT_STATE,1,1,1,0,0,0
"git commit -m ""Add hello.txt"" --dry-run","git commit -m ""Add hello.txt""",EXTRA_ARG,1,0,1,10,1,0
git branch,git branch feature,MISSING_ARG,0,0,1,8,0,-1
git branch feature,git switch feature,PARTIALLY_CORRECT,0,0,1,4,0,0
git init .,git init,DEPRECATED_USAGE,0,0,0,2,0,1
gt diff,git diff,TYPO,0,1,1,1,0,0
git log --oneline,git log --oneline,SYNTAX_ERROR,0,0,1,0,0,0
git diff extra_file.txt,git diff,EXTRA_ARG,0,1,1,15,0,1
rm -rf test,git branch feature,UNKNOWN,0,0,1,13,1,0
git branch feature extra_file.txt,git branch feature,EXTRA_ARG,0,0,1,15,0,1
"gitcommit-m""Addhello.txt""","git commit -m ""Add hello.txt""",SYNTAX_ERROR,1,0,1,4,-1,-2
"git commit -w ""Add hello.txt""","git commit -m ""Add hello.txt""",WRONG_FLAG,1,0,1,1,0,0
git merge,git merge feature,MISSING_ARG,0,0,1,8,0,-1
git commit -m 'message',git log --oneline,WRONG_ORDER,0,0,1,14,0,1
git commit --message 'Add hello.txt',"git commit -m ""Add hello.txt""",DEPRECATED_USAGE,1,0,1,9,0,0
$ git branch feature,git branch feature,SYNTAX_ERROR,0,0,1,2,0,1
git add hello.txt -v,git add hello.txt,EXTRA_ARG,0,1,1,3,1,0
git push origin main,git diff,WRONG_ORDER,0,1,1,15,0,2
cd ..,git diff,UNKNOWN,0,1,1,7,0,0
git switch feature,git stash,WRONG_ORDER,0,1,1,11,0,1
git init .,git init,DEPRECATED_USAGE,0,0,0,2,0,1
git commit -m,"git commit -m ""Add hello.txt""",PARTIALLY_CORRECT,1,0,1,16,0,-2
rm -rf test,git log --oneline,UNKNOWN,0,0,1,14,0,1
git branch feature extra_file.txt,git branch feature,EXTRA_ARG,0,0,1,15,0,1
gitstash,git stash,SYNTAX_ERROR,0,1,1,1,0,0
git merge=feature,git merge feature,SYNTAX_ERROR,0,0,1,1,0,-1
git add hello.txt,git add hello.txt,CORRECT,0,1,1,0,0,0
git branch,git branch feature,PARTIALLY_CORRECT,0,0,1,8,0,-1
"git commit -m ""Add hello.txt""","git commit -m ""Add hello.txt""",CORRECT,1,0,1,0,0,0
git branch -b feature,git branch feature,DEPRECATED_USAGE,0,0,1,3,1,0
git,git init,MISSING_ARG,0,0,0,5,0,0
git history,git log --oneline,WRONG_SUBCOMMAND,0,0,1,12,-1,0
git join feature,git merge feature,WRONG_SUBCOMMAND,0,0,1,5,0,0
git,git stash,MISSING_ARG,0,1,1,6,0,0
$ git add hello.txt,git add hello.txt,SYNTAX_ERROR,0,1,1,2,0,1
gitgit log --oneline,git log --oneline,SYNTAX_ERROR,0,0,1,3,0,0
echo hello,git branch feature,UNKNOWN,0,0,1,15,0,-1
git initialize,git init,WRONG_SUBCOMMAND,0,0,0,6,0,0
git stash -f,git stash,WRONG_FLAG,0,1,1,3,1,0
git merge main,git switch feature,WRONG_ORDER,0,0,1,12,0,0
git merge feature,git merge feature,WRONG_CONTEXT_STATE,1,1,0,0,0,0
git log --pretty=oneline,git log --oneline,DEPRECATED_USAGE,0,0,1,7,0,0
git add hello.txt,git add hello.txt,CORRECT,0,1,1,0,0,0
git add hello.txt --dry-run,git add hello.txt,WRONG_FLAG,0,1,1,10,1,0
git init -v,git init,EXTRA_ARG,0,0,0,3,1,0
git --diff,git diff,SYNTAX_ERROR,0,1,1,2,1,0
diff,git diff,PARTIALLY_CORRECT,0,1,1,4,0,0
git merge feature,git merge feature,WRONG_CONTEXT_STATE,1,1,0,0,0,0
git stash,git stash,WRONG_CONTEXT_STATE,1,0,0,0,0,0
git switch feature,git branch feature,WRONG_ORDER,0,0,1,4,0,0
git log,git log --oneline,MISSING_ARG,0,0,1,10,-1,0
git switch feature --dry-run,git switch feature,WRONG_FLAG,0,0,1,10,1,0
git branch feature,git switch feature,PARTIALLY_CORRECT,0,0,1,4,0,0
git init .,git init,DEPRECATED_USAGE,0,0,0,2,0,1
git --status,git status,SYNTAX_ERROR,0,1,1,2,1,0
git log,git log --oneline,PARTIALLY_CORRECT,0,0,1,10,-1,0
gitt init,git init,TYPO,0,0,0,1,0,0
git log -F,git log --oneline,WRONG_FLAG,0,0,1,8,0,0
git init,git init,WRONG_CONTEXT_STATE,1,1,1,0,0,0
git commit -m 'message',git switch feature,WRONG_ORDER,0,0,1,14,1,0
git merge feature --all,git merge feature,EXTRA_ARG,0,0,1,6,1,0
git diff --dry-run,git diff,WRONG_FLAG,0,1,1,10,1,0
git compare,git diff,WRONG_SUBCOMMAND,0,1,1,7,0,0
git diff HEAD,git diff,DEPRECATED_USAGE,0,1,1,5,0,1
init,git init,PARTIALLY_CORRECT,0,0,0,4,0,0
git diff,git diff,WRONG_CONTEXT_STATE,1,0,0,0,0,0
git branch feature --all,git branch feature,EXTRA_ARG,0,0,1,6,1,0
git log --oneline extra_file.txt,git log --oneline,EXTRA_ARG,0,0,1,15,0,1
git vsbash,git stash,TYPO,0,1,1,2,0,0
git init .,git init,DEPRECATED_USAGE,0,0,0,2,0,1
git --log --oneline,git log --oneline,SYNTAX_ERROR,0,0,1,2,1,0
git,git diff,MISSING_ARG,0,1,1,5,0,0
git add hello.txt --dry-run,git add hello.txt,WRONG_FLAG,0,1,1,10,1,0
git log --pretty=oneline,git log --oneline,DEPRECATED_USAGE,0,0,1,7,0,0
git add hello.txt --dry-run,git add hello.txt,EXTRA_ARG,0,1,1,10,1,0
git merge feature,git merge feature,WRONG_CONTEXT_STATE,1,1,0,0,0,0
git move feature,git switch feature,WRONG_SUBCOMMAND,0,0,1,6,0,0
npm install,"git commit -m ""Add hello.txt""",UNKNOWN,1,0,1,25,-1,-2
git show-diff,git diff,WRONG_SUBCOMMAND,0,1,1,5,0,0
git diff -v,git diff,WRONG_FLAG,0,1,1,3,1,0
git commit -m,"git commit -m ""Add hello.txt""",PARTIALLY_CORRECT,1,0,1,16,0,-2
git merge main,git diff,WRONG_ORDER,0,1,1,10,0,1
git push origin main,git add hello.txt,WRONG_ORDER,0,1,1,15,0,1
git stash -v,git stash,EXTRA_ARG,0,1,1,3,1,0
git stage hello.txt,git add hello.txt,WRONG_SUBCOMMAND,0,1,1,4,0,0
git merge xeature,git merge feature,TYPO,0,0,1,1,0,0
git shelve,git stash,WRONG_SUBCOMMAND,0,1,1,5,0,0
git,git status,PARTIALLY_CORRECT,0,1,1,7,0,0
git,git diff,MISSING_ARG,0,1,1,5,0,0
git check,git status,WRONG_SUBCOMMAND,0,1,1,6,0,0
rm -rf test,git diff,UNKNOWN,0,1,1,10,1,1
pip install requests,git init,UNKNOWN,0,0,0,15,0,1
git status,git status,CORRECT,0,1,1,0,0,0
$ git status,git status,SYNTAX_ERROR,0,1,1,2,0,1
git switch feature -v,git switch feature,WRONG_FLAG,0,0,1,3,1,0
git log --oneline,git log --oneline,WRONG_CONTEXT_STATE,1,1,0,0,0,0
git log --pretty=oneline,git log --oneline,DEPRECATED_USAGE,0,0,1,7,0,0
git branch feature,git switch feature,PARTIALLY_CORRECT,0,0,1,4,0,0
git init --verbose,git init,WRONG_FLAG,0,0,0,10,1,0
git add -u hello.txt,git add hello.txt,DEPRECATED_USAGE,0,1,1,3,1,0
git merge feature --verbose,git merge feature,WRONG_FLAG,0,0,1,10,1,0
git add hello.txt,git add hello.txt,SYNTAX_ERROR,0,1,1,0,0,0
git branch feature,git branch feature,CORRECT,0,0,1,0,0,0
cat hello.txt,git stash,UNKNOWN,0,1,1,11,0,0
git stash,git stash,WRONG_CONTEXT_STATE,1,0,0,0,0,0
g_t init,git init,TYPO,0,0,0,1,0,0
git switch feature,git switch feature,CORRECT,0,0,1,0,0,0
git merge feature --all,git merge feature,EXTRA_ARG,0,0,1,6,1,0
git merge feature -v,git merge feature,WRONG_FLAG,0,0,1,3,1,0
diff,git diff,PARTIALLY_CORRECT,0,1,1,4,0,0
git compare,git diff,WRONG_SUBCOMMAND,0,1,1,7,0,0
git checkout feature,git switch feature,DEPRECATED_USAGE,0,0,1,8,0,0
git commits,git log --oneline,WRONG_SUBCOMMAND,0,0,1,11,-1,0
git --switch feature,git switch feature,SYNTAX_ERROR,0,0,1,2,1,0
git merge main,git stash,WRONG_ORDER,0,1,1,9,0,1
git log --oneline,git log --oneline,WRONG_CONTEXT_STATE,1,1,0,0,0,0
git log -F,git log --oneline,WRONG_FLAG,0,0,1,8,0,0
git log --oneline,git log --oneline,CORRECT,0,0,1,0,0,0
git merge main,git init,WRONG_ORDER,0,0,0,9,0,1
$ git stash,git stash,SYNTAX_ERROR,0,1,1,2,0,1
git change feature,git switch feature,WRONG_SUBCOMMAND,0,0,1,6,0,0
echo hello,git switch feature,UNKNOWN,0,0,1,15,0,-1
git add hejlo.txt,git add hello.txt,TYPO,0,1,1,1,0,0
git stash,git stash,CORRECT,0,1,1,0,0,0
git info,git status,WRONG_SUBCOMMAND,0,1,1,6,0,0
git log,git log --oneline,PARTIALLY_CORRECT,0,0,1,10,-1,0
git push origin main,git init,WRONG_ORDER,0,0,0,13,0,2
git add,git add hello.txt,MISSING_ARG,0,1,1,10,0,-1
gpt log --neline,git log --oneline,TYPO,0,0,1,2,0,0
git stsh,git stash,TYPO,0,1,1,1,0,0
git switch feature,git switch feature,CORRECT,0,0,1,0,0,0
git init,git init,CORRECT,0,0,0,0,0,0
git stash,git stash,SYNTAX_ERROR,0,1,1,0,0,0
git create,git init,WRONG_SUBCOMMAND,0,0,0,5,0,0
git log --oneline,git log --oneline,WRONG_CONTEXT_STATE,1,1,0,0,0,0
git init,git init,SYNTAX_ERROR,0,0,0,0,0,0
git,git init,MISSING_ARG,0,0,0,5,0,0
git merge featur,git merge feature,TYPO,0,0,1,1,0,0
git init,git init,WRONG_CONTEXT_STATE,1,1,1,0,0,0
cat hello.txt,git branch feature,UNKNOWN,0,0,1,15,0,-1
git merge,git merge feature,MISSING_ARG,0,0,1,8,0,-1
git,git diff,MISSING_ARG,0,1,1,5,0,0
git checkout feature,git switch feature,DEPRECATED_USAGE,0,0,1,8,0,0
git merge,git merge feature,MISSING_ARG,0,0,1,8,0,-1
git branch feature,git branch feature,CORRECT,0,0,1,0,0,0
git diff --all,git diff,EXTRA_ARG,0,1,1,6,1,0
git commit -m 'message',git status,WRONG_ORDER,0,1,1,17,1,1
git push,"git commit -m ""Add hello.txt""",WRONG_SUBCOMMAND,1,0,1,24,-1,-2
git branch -b feature,git branch feature,DEPRECATED_USAGE,0,0,1,3,1,0
git branchk feature,git branch feature,TYPO,0,0,1,1,0,0
git commit -m 'message',git status,WRONG_ORDER,0,1,1,17,1,1
git go feature,git switch feature,WRONG_SUBCOMMAND,0,0,1,6,0,0
git checkout feature,git switch feature,DEPRECATED_USAGE,0,0,1,8,0,0
git branch feature --dry-run,git branch feature,WRONG_FLAG,0,0,1,10,1,0
git log,git log --oneline,MISSING_ARG,0,0,1,10,-1,0
git branch feature,git branch feature,CORRECT,0,0,1,0,0,0
git checkout feature,git switch feature,DEPRECATED_USAGE,0,0,1,8,0,0
git create feature,git branch feature,WRONG_SUBCOMMAND,0,0,1,5,0,0
git add hello.txt,git add hello.txt,WRONG_CONTEXT_STATE,1,0,0,0,0,0
"git commit -m ""Add","git commit -m ""Add hello.txt""",MISSING_ARG,1,0,1,11,0,-1
git log --oneline,git log --oneline,SYNTAX_ERROR,0,0,1,0,0,0
git log --oneline --all,git log --oneline,EXTRA_ARG,0,0,1,6,1,0
git merge feature --verbose,git merge feature,EXTRA_ARG,0,0,1,10,1,0
git branch feature,git switch feature,PARTIALLY_CORRECT,0,0,1,4,0,0
git add hello.txt -v,git add hello.txt,EXTRA_ARG,0,1,1,3,1,0
git merge feature,git merge feature,WRONG_CONTEXT_STATE,1,1,0,0,0,0
git,git stash,MISSING_ARG,0,1,1,6,0,0
git add hello.txt --verbose,git add hello.txt,WRONG_FLAG,0,1,1,10,1,0
"git commit -w ""Add hello.txt""","git commit -m ""Add hello.txt""",WRONG_FLAG,1,0,1,1,0,0
status,git status,PARTIALLY_CORRECT,0,1,1,4,0,0
git check,git status,WRONG_SUBCOMMAND,0,1,1,6,0,0
git add .txt,git add hello.txt,PARTIALLY_CORRECT,0,1,1,5,0,0
git switch feature,git switch feature,CORRECT,0,0,1,0,0,0
git branch feature,git branch feature,CORRECT,0,0,1,0,0,0
ls -la,git stash,UNKNOWN,0,1,1,7,1,0
git merge=feature,git merge feature,SYNTAX_ERROR,0,0,1,1,0,-1
git stash,git stash,SYNTAX_ERROR,0,1,1,0,0,0
diff,git diff,PARTIALLY_CORRECT,0,1,1,4,0,0
git stash save,git stash,DEPRECATED_USAGE,0,1,1,5,0,1
git sta,git stash,PARTIALLY_CORRECT,0,1,1,2,0,0
git branch feature -f,git branch feature,WRONG_FLAG,0,0,1,3,1,0
git add hellotxt,git add hello.txt,TYPO,0,1,1,1,0,0
git stash save,git stash,DEPRECATED_USAGE,0,1,1,5,0,1
git new,git init,WRONG_SUBCOMMAND,0,0,0,3,0,0
git switch feature,git switch feature,CORRECT,0,0,1,0,0,0
"git commit -m ""Add hello.txt""","git commit -m ""Add hello.txt""",CORRECT,1,0,1,0,0,0
git push origin main,"git commit -m ""Add hello.txt""",WRONG_ORDER,1,0,1,23,-1,0
git diff --verbose,git diff,WRONG_FLAG,0,1,1,10,1,0
"git commit -m ""dd hello.txt""","git commit -m ""Add hello.txt""",TYPO,1,0,1,1,0,0
gt deiff,git diff,TYPO,0,1,1,2,0,0
git switch feature,git switch feature,WRONG_CONTEXT_STATE,1,1,0,0,0,0
git branch feature,git branch feature,CORRECT,0,0,1,0,0,0
git branch -b feature,git branch feature,DEPRECATED_USAGE,0,0,1,3,1,0
npm install,git init,UNKNOWN,0,0,0,7,0,0
git switch feature,git switch feature,WRONG_CONTEXT_STATE,1,1,0,0,0,0
git switch,git switch feature,PARTIALLY_CORRECT,0,0,1,8,0,-1
git merge feature,git merge feature,CORRECT,0,0,1,0,0,0
"git commit -m ""Add hello.txt""","git commit -m ""Add hello.txt""",WRONG_CONTEXT_STATE,0,1,0,0,0,0
diff,git diff,PARTIALLY_CORRECT,0,1,1,4,0,0
cd ..,git stash,UNKNOWN,0,1,1,8,0,0
"git commit -m ""Add hello.txt""","git commit -m ""Add hello.txt""",WRONG_CONTEXT_STATE,0,1,0,0,0,0
git log,git log --oneline,MISSING_ARG,0,0,1,10,-1,0
git merge feature --dry-run,git merge feature,WRONG_FLAG,0,0,1,10,1,0
git switch feature,git switch feature,WRONG_CONTEXT_STATE,1,1,0,0,0,0
"git --commit -m ""Add hello.txt""","git commit -m ""Add hello.txt""",SYNTAX_ERROR,1,0,1,2,1,0
git add -u hello.txt,git add hello.txt,DEPRECATED_USAGE,0,1,1,3,1,0
git branch feature,git branch feature,WRONG_CONTEXT_STATE,1,1,0,0,0,0
"git comit -m ""Addd hello.txt""","git commit -m ""Add hello.txt""",TYPO,1,0,1,2,0,0
git merge feature --verbose,git merge feature,EXTRA_ARG,0,0,1,10,1,0
git stash --verbose,git stash,WRONG_FLAG,0,1,1,10,1,0
git commit,"git commit -m ""Add hello.txt""",PARTIALLY_CORRECT,1,0,1,19,-1,-2
cd ..,git status,UNKNOWN,0,1,1,9,0,0
git diff,git diff,SYNTAX_ERROR,0,1,1,0,0,0
git branch -m feature,git merge feature,PARTIALLY_CORRECT,0,0,1,9,1,0
git log --pretty=oneline,git log --oneline,DEPRECATED_USAGE,0,0,1,7,0,0
git stash --dry-run,git stash,WRONG_FLAG,0,1,1,10,1,0
git --switch feature,git switch feature,SYNTAX_ERROR,0,0,1,2,1,0
git diff --dry-run,git diff,EXTRA_ARG,0,1,1,10,1,0
git branch,git branch feature,MISSING_ARG,0,0,1,8,0,-1
git diff HEAD,git diff,DEPRECATED_USAGE,0,1,1,5,0,1
git branch feature --dry-run,git branch feature,WRONG_FLAG,0,0,1,10,1,0
git,git status,PARTIALLY_CORRECT,0,1,1,7,0,0
git add hello.txt,git add hello.txt,CORRECT,0,1,1,0,0,0
git ini_,git init,TYPO,0,0,0,1,0,0
echo hello,git add hello.txt,UNKNOWN,0,1,1,11,0,-1
"git commit -w ""Add hello.txt""","git commit -m ""Add hello.txt""",WRONG_FLAG,1,0,1,1,0,0
git add hello.txt,git add hello.txt,CORRECT,0,1,1,0,0,0
gitgit switch feature,git switch feature,SYNTAX_ERROR,0,0,1,3,0,0
git add hellor.txt,git add hello.txt,TYPO,0,1,1,1,0,0
git pull feature,git merge feature,WRONG_SUBCOMMAND,0,0,1,5,0,0
git log --oneline,git log --oneline,WRONG_CONTEXT_STATE,1,1,0,0,0,0
git branch feature,git branch feature,CORRECT,0,0,1,0,0,0
gitmergefeature,git merge feature,SYNTAX_ERROR,0,0,1,2,0,-1
git new feature,git branch feature,WRONG_SUBCOMMAND,0,0,1,5,0,0
git,git stash,MISSING_ARG,0,1,1,6,0,0
git,git status,PARTIALLY_CORRECT,0,1,1,7,0,0
git init,git init,SYNTAX_ERROR,0,0,0,0,0,0
git init --dry-run,git init,EXTRA_ARG,0,0,0,10,1,0
git branch -m feature,git merge feature,PARTIALLY_CORRECT,0,0,1,9,1,0
git branch -m feature,git merge feature,PARTIALLY_CORRECT,0,0,1,9,1,0
git stash,git stash,WRONG_CONTEXT_STATE,1,0,0,0,0,0
"$ git commit -m ""Add hello.txt""","git commit -m ""Add hello.txt""",SYNTAX_ERROR,1,0,1,2,0,1
git merge main,git add hello.txt,WRONG_ORDER,0,1,1,12,0,0
git init,git init,WRONG_CONTEXT_STATE,1,1,1,0,0,0
git,git status,PARTIALLY_CORRECT,0,1,1,7,0,0
gitdiff,git diff,TYPO,0,1,1,1,0,0
git branch feature,git branch feature,CORRECT,0,0,1,0,0,0
git merge feature --dry-run,git merge feature,WRONG_FLAG,0,0,1,10,1,0
init,git init,PARTIALLY_CORRECT,0,0,0,4,0,0
git merge main,"git commit -m ""Add hello.txt""",WRONG_ORDER,1,0,1,23,-1,-1
git switch feature --all,git switch feature,EXTRA_ARG,0,0,1,6,1,0
git stash -f,git stash,WRONG_FLAG,0,1,1,3,1,0
git log,git log --oneline,MISSING_ARG,0,0,1,10,-1,0
git stlasz,git stash,TYPO,0,1,1,2,0,0
python script.py,git status,UNKNOWN,0,1,1,12,0,0
git include hello.txt,git add hello.txt,WRONG_SUBCOMMAND,0,1,1,6,0,0
git add hello.txt --force,git add hello.txt,EXTRA_ARG,0,1,1,8,1,0
git commit --message 'Add hello.txt',"git commit -m ""Add hello.txt""",DEPRECATED_USAGE,1,0,1,9,0,0
pwd,git diff,UNKNOWN,0,1,1,7,0,0
git merge feature --verbose,git merge feature,WRONG_FLAG,0,0,1,10,1,0
git combine feature,git merge feature,WRONG_SUBCOMMAND,0,0,1,5,0,0
git stash,git stash,WRONG_CONTEXT_STATE,1,0,0,0,0,0
git switch feature,git switch feature,CORRECT,0,0,1,0,0,0
git combine feature,git merge feature,WRONG_SUBCOMMAND,0,0,1,5,0,0
git commit -m 'message',git diff,WRONG_ORDER,0,1,1,18,1,1
git compare,git diff,WRONG_SUBCOMMAND,0,1,1,7,0,0
git branch,git branch feature,PARTIALLY_CORRECT,0,0,1,8,0,-1
git status --force,git status,EXTRA_ARG,0,1,1,8,1,0
git log,git log --oneline,PARTIALLY_CORRECT,0,0,1,10,-1,0
echo hello,git add hello.txt,UNKNOWN,0,1,1,11,0,-1
git add hello.txt -v,git add hello.txt,WRONG_FLAG,0,1,1,3,1,0
git add hello.txt --force,git add hello.txt,EXTRA_ARG,0,1,1,8,1,0
git merge main,git switch feature,WRONG_ORDER,0,0,1,12,0,0
git merge feature -v,git merge feature,WRONG_FLAG,0,0,1,3,1,0
git branch feature --force,git branch feature,EXTRA_ARG,0,0,1,8,1,0
git status -s,git status,DEPRECATED_USAGE,0,1,1,3,1,0
"git --commit -m ""Add hello.txt""","git commit -m ""Add hello.txt""",SYNTAX_ERROR,1,0,1,2,1,0
mkdir test,git add hello.txt,UNKNOWN,0,1,1,14,0,-1
git state,git status,WRONG_SUBCOMMAND,0,1,1,2,0,0
python script.py,"git commit -m ""Add hello.txt""",UNKNOWN,1,0,1,25,-1,-2
git switch feature,git switch feature,CORRECT,0,0,1,0,0,0
git log --pretty=oneline,git log --oneline,DEPRECATED_USAGE,0,0,1,7,0,0
git stash save,git stash,DEPRECATED_USAGE,0,1,1,5,0,1
git mergme feature,git merge feature,TYPO,0,0,1,1,0,0
git push origin main,git branch feature,WRONG_ORDER,0,0,1,16,0,1
"gitgit commit -m ""Add hello.txt""","git commit -m ""Add hello.txt""",SYNTAX_ERROR,1,0,1,3,0,0
git log --oneline,git log --oneline,WRONG_CONTEXT_STATE,1,1,0,0,0,0
git log,git log --oneline,MISSING_ARG,0,0,1,10,-1,0
"git commit -m ""Add hello.txt"" --all","git commit -m ""Add hello.txt""",EXTRA_ARG,1,0,1,6,1,0
git new,git init,WRONG_SUBCOMMAND,0,0,0,3,0,0
git sta,git stash,PARTIALLY_CORRECT,0,1,1,2,0,0
git combine feature,git merge feature,WRONG_SUBCOMMAND,0,0,1,5,0,0
git swnitch featuroe,git switch feature,TYPO,0,0,1,2,0,0
git switch feature,git log --oneline,WRONG_ORDER,0,0,1,12,-1,1
gihlog --oneline,git log --oneline,TYPO,0,0,1,2,0,0
git stash,git stash,CORRECT,0,1,1,0,0,0
git branch feature -v,git branch feature,WRONG_FLAG,0,0,1,3,1,0
git merge --no-ff feature,git merge feature,DEPRECATED_USAGE,0,0,1,8,1,0
git pull feature,git merge feature,WRONG_SUBCOMMAND,0,0,1,5,0,0
git commit -m 'message',git init,WRONG_ORDER,0,0,0,17,1,1
git --add hello.txt,git add hello.txt,SYNTAX_ERROR,0,1,1,2,1,0
cat hello.txt,git add hello.txt,UNKNOWN,0,1,1,6,0,-1
git switch feature,git switch feature,CORRECT,0,0,1,0,0,0
git add hello.stxt,git add hello.txt,TYPO,0,1,1,1,0,0
git merge feyature,git merge feature,TYPO,0,0,1,1,0,0
git changes,git diff,WRONG_SUBCOMMAND,0,1,1,7,0,0
git status -v,git status,EXTRA_ARG,0,1,1,3,1,0
diff,git diff,PARTIALLY_CORRECT,0,1,1,4,0,0
git add,git add hello.txt,MISSING_ARG,0,1,1,10,0,-1
"git commip -m ""Add hello.txt""","git commit -m ""Add hello.txt""",TYPO,1,0,1,1,0,0
git,git stash,MISSING_ARG,0,1,1,6,0,0
git log --oneline,git log --oneline,WRONG_CONTEXT_STATE,1,1,0,0,0,0
git branch feature,git branch feature,WRONG_CONTEXT_STATE,1,1,0,0,0,0
git merge --no-ff feature,git merge feature,DEPRECATED_USAGE,0,0,1,8,1,0
git stash,git stash,WRONG_CONTEXT_STATE,1,0,0,0,0,0
"git commit -m ""Add helo.txt","git commit -m ""Add hello.txt""",TYPO,1,0,1,2,0,0
git merge main,git merge feature,WRONG_ORDER,0,0,1,6,0,0
git stash save,git stash,DEPRECATED_USAGE,0,1,1,5,0,1
git stash,git stash,WRONG_CONTEXT_STATE,1,0,0,0,0,0
git diff --force,git diff,EXTRA_ARG,0,1,1,8,1,0
git add -u hello.txt,git add hello.txt,DEPRECATED_USAGE,0,1,1,3,1,0
git branch feature,git switch feature,PARTIALLY_CORRECT,0,0,1,4,0,0
git status --all,git status,EXTRA_ARG,0,1,1,6,1,0
git init,git init,WRONG_CONTEXT_STATE,1,1,1,0,0,0
git branch feature,git branch feature,WRONG_CONTEXT_STATE,1,1,0,0,0,0
git branch feature --verbose,git branch feature,EXTRA_ARG,0,0,1,10,1,0
git add hello.txt,git add hello.txt,TYPO,0,1,1,0,0,0
git merge,git merge feature,MISSING_ARG,0,0,1,8,0,-1
git add,git add hello.txt,MISSING_ARG,0,1,1,10,0,-1
git switch,git switch feature,MISSING_ARG,0,0,1,8,0,-1
cd ..,"git commit -m ""Add hello.txt""",UNKNOWN,1,0,1,25,-1,-2
git start,git init,WRONG_SUBCOMMAND,0,0,0,4,0,0
git branch feature --dry-run,git branch feature,WRONG_FLAG,0,0,1,10,1,0
git add hello.txt -v,git add hello.txt,EXTRA_ARG,0,1,1,3,1,0
git setup,git init,WRONG_SUBCOMMAND,0,0,0,5,0,0
git log,git log --oneline,PARTIALLY_CORRECT,0,0,1,10,-1,0
git log --oneline,git log --oneline,WRONG_CONTEXT_STATE,1,1,0,0,0,0
git merge --no-ff feature,git merge feature,DEPRECATED_USAGE,0,0,1,8,1,0
git switch feature -v,git switch feature,EXTRA_ARG,0,0,1,3,1,0
git,git init,MISSING_ARG,0,0,0,5,0,0
git merge --no-ff feature,git merge feature,DEPRECATED_USAGE,0,0,1,8,1,0
npm install,git init,UNKNOWN,0,0,0,7,0,0
git merge main,git init,WRONG_ORDER,0,0,0,9,0,1
git add hello.txt,git add hello.txt,CORRECT,0,1,1,0,0,0
git add hello.txt --force,git add hello.txt,EXTRA_ARG,0,1,1,8,1,0
gxit oinit,git init,TYPO,0,0,0,2,0,0
git new feature,git branch feature,WRONG_SUBCOMMAND,0,0,1,5,0,0
mkdir test,git merge feature,UNKNOWN,0,0,1,13,0,-1
git swith feture,git switch feature,TYPO,0,0,1,2,0,0
git history,git log --oneline,WRONG_SUBCOMMAND,0,0,1,12,-1,0
git branch,git branch feature,PARTIALLY_CORRECT,0,0,1,8,0,-1
git,git init,MISSING_ARG,0,0,0,5,0,0
git stadus,git status,TYPO,0,1,1,1,0,0
git new feature,git branch feature,WRONG_SUBCOMMAND,0,0,1,5,0,0
git branch feature,git branch feature,CORRECT,0,0,1,0,0,0
git,git status,PARTIALLY_CORRECT,0,1,1,7,0,0
gitgit add hello.txt,git add hello.txt,SYNTAX_ERROR,0,1,1,3,0,0
git status,git status,WRONG_CONTEXT_STATE,1,0,0,0,0,0
"git commit -m ""Add hello.txt"" --all","git commit -m ""Add hello.txt""",EXTRA_ARG,1,0,1,6,1,0
git move feature,git switch feature,WRONG_SUBCOMMAND,0,0,1,6,0,0
cd ..,git diff,UNKNOWN,0,1,1,7,0,0
git add hello.txt -f,git add hello.txt,WRONG_FLAG,0,1,1,3,1,0
git diff,git diff,CORRECT,0,1,1,0,0,0
"git --commit -m ""Add hello.txt""","git commit -m ""Add hello.txt""",SYNTAX_ERROR,1,0,1,2,1,0
git merge feature --verbose,git merge feature,WRONG_FLAG,0,0,1,10,1,0
githswitch feature,git switch feature,TYPO,0,0,1,1,0,-1
git merge,git merge feature,MISSING_ARG,0,0,1,8,0,-1
git branch feature,git branch feature,CORRECT,0,0,1,0,0,0
git log --oneline,git log --oneline,WRONG_CONTEXT_STATE,1,1,0,0,0,0
git switch feature,git switch feature,WRONG_CONTEXT_STATE,1,1,0,0,0,0
git stash,git stash,CORRECT,0,1,1,0,0,0
git init --dry-run,git init,WRONG_FLAG,0,0,0,10,1,0
git branch feature -v,git branch feature,EXTRA_ARG,0,0,1,3,1,0
git init,git init,CORRECT,0,0,0,0,0,0
gitd-ff,git diff,TYPO,0,1,1,2,0,0
git add hello.txt -f,git add hello.txt,WRONG_FLAG,0,1,1,3,1,0
gitxbrsnch feature,git branch feature,TYPO,0,0,1,2,0,-1
git status --dry-run,git status,WRONG_FLAG,0,1,1,10,1,0
git stash save,git stash,DEPRECATED_USAGE,0,1,1,5,0,1
git switch feature,git stash,WRONG_ORDER,0,1,1,11,0,1
git merge feature -f,git merge feature,WRONG_FLAG,0,0,1,3,1,0
git --status,git status,SYNTAX_ERROR,0,1,1,2,1,0
git istatus,git status,TYPO,0,1,1,1,0,0
"git commit -m ""Add hello.txt"" --force","git commit -m ""Add hello.txt""",EXTRA_ARG,1,0,1,8,1,0
git diff -v,git diff,EXTRA_ARG,0,1,1,3,1,0
git log --oneline --verbose,git log --oneline,EXTRA_ARG,0,0,1,10,1,0
git,git status,MISSING_ARG,0,1,1,7,0,0
git merge,git merge feature,MISSING_ARG,0,0,1,8,0,-1
git diff,git diff,WRONG_CONTEXT_STATE,1,0,0,0,0,0
git history,git log --oneline,WRONG_SUBCOMMAND,0,0,1,12,-1,0
git switch feature,git log --oneline,WRONG_ORDER,0,0,1,12,-1,1
git init .,git init,DEPRECATED_USAGE,0,0,0,2,0,1
git push origin main,"git commit -m ""Add hello.txt""",WRONG_ORDER,1,0,1,23,-1,0
"git commit=-m=""Add=hello.txt""","git commit -m ""Add hello.txt""",SYNTAX_ERROR,1,0,1,3,-1,-2
git show-diff,git diff,WRONG_SUBCOMMAND,0,1,1,5,0,0
git switch feature extra_file.txt,git switch feature,EXTRA_ARG,0,0,1,15,0,1
"gitcommit-m""Addhello.txt""","git commit -m ""Add hello.txt""",SYNTAX_ERROR,1,0,1,4,-1,-2
git commit -m 'message',"git commit -m ""Add hello.txt""",WRONG_ORDER,1,0,1,14,0,-1
git swgtcsh feature,git switch feature,TYPO,0,0,1,2,0,0
giyt stasfh,git stash,TYPO,0,1,1,2,0,0
git bradnch feature,git branch feature,TYPO,0,0,1,1,0,0
git log,git log --oneline,MISSING_ARG,0,0,1,10,-1,0
git create feature,git branch feature,WRONG_SUBCOMMAND,0,0,1,5,0,0
git,git status,MISSING_ARG,0,1,1,7,0,0
git new feature,git branch feature,WRONG_SUBCOMMAND,0,0,1,5,0,0
git stash save,git stash,DEPRECATED_USAGE,0,1,1,5,0,1
pip install requests,"git commit -m ""Add hello.txt""",UNKNOWN,1,0,1,23,-1,-1
git add -u hello.txt,git add hello.txt,DEPRECATED_USAGE,0,1,1,3,1,0
git save-work,git stash,WRONG_SUBCOMMAND,0,1,1,8,0,0
git commit -m 'message',git switch feature,WRONG_ORDER,0,0,1,14,1,0
gitinit,git init,SYNTAX_ERROR,0,0,0,1,0,0
git push origin main,git init,WRONG_ORDER,0,0,0,13,0,2
git merge,git merge feature,MISSING_ARG,0,0,1,8,0,-1
git commit -m 'message',git init,WRONG_ORDER,0,0,0,17,1,1
git log --pretty=oneline,git log --oneline,DEPRECATED_USAGE,0,0,1,7,0,0
"git commit -m ""Add hello.txt"" --verbose","git commit -m ""Add hello.txt""",EXTRA_ARG,1,0,1,10,1,0
gixt switch feature,git switch feature,TYPO,0,0,1,1,0,0
git merge main,git stash,WRONG_ORDER,0,1,1,9,0,1
git --init,git init,SYNTAX_ERROR,0,0,0,2,1,0
git switch feature,git merge feature,WRONG_ORDER,0,0,1,6,0,0
git addhello.txt,git add hello.txt,TYPO,0,1,1,1,0,-1
git branch,git branch feature,MISSING_ARG,0,0,1,8,0,-1
git init,git init,CORRECT,0,0,0,0,0,0
pip install requests,git branch feature,UNKNOWN,0,0,1,16,0,0
git stage hello.txt,git add hello.txt,WRONG_SUBCOMMAND,0,1,1,4,0,0
git commit -m,"git commit -m ""Add hello.txt""",PARTIALLY_CORRECT,1,0,1,16,0,-2
git init --dry-run,git init,WRONG_FLAG,0,0,0,10,1,0
git branch feature,git branch feature,CORRECT,0,0,1,0,0,0
"git commit -m ""Add hello.txt""","git commit -m ""Add hello.txt""",CORRECT,1,0,1,0,0,0
git branch,git branch feature,PARTIALLY_CORRECT,0,0,1,8,0,-1
git log --oneline,git log --oneline,WRONG_CONTEXT_STATE,1,1,0,0,0,0
git switch feature,git switch feature,WRONG_CONTEXT_STATE,1,1,0,0,0,0
git combine feature,git merge feature,WRONG_SUBCOMMAND,0,0,1,5,0,0
git init,git init,WRONG_CONTEXT_STATE,1,1,1,0,0,0
git combine feature,git merge feature,WRONG_SUBCOMMAND,0,0,1,5,0,0
git merge main,git stash,WRONG_ORDER,0,1,1,9,0,1
git switch feature,git switch feature,CORRECT,0,0,1,0,0,0
git merge feature,git merge feature,CORRECT,0,0,1,0,0,0
git,git status,MISSING_ARG,0,1,1,7,0,0
git go feature,git switch feature,WRONG_SUBCOMMAND,0,0,1,6,0,0
git init,git init,WRONG_CONTEXT_STATE,1,1,1,0,0,0
git save-work,git stash,WRONG_SUBCOMMAND,0,1,1,8,0,0
git switch feature --all,git switch feature,EXTRA_ARG,0,0,1,6,1,0
cat hello.txt,git switch feature,UNKNOWN,0,0,1,15,0,-1
echo hello,git stash,UNKNOWN,0,1,1,9,0,0
git,git stash,MISSING_ARG,0,1,1,6,0,0
gitmergefeature,git merge feature,SYNTAX_ERROR,0,0,1,2,0,-1
pwd,git log --oneline,UNKNOWN,0,0,1,17,-1,0
git add hello.txt,git add hello.txt,CORRECT,0,1,1,0,0,0
gitgit diff,git diff,SYNTAX_ERROR,0,1,1,3,0,0
git statqus,git status,TYPO,0,1,1,1,0,0
git switch,git switch feature,MISSING_ARG,0,0,1,8,0,-1
git merge feature,git merge feature,CORRECT,0,0,1,0,0,0
git,git diff,MISSING_ARG,0,1,1,5,0,0
diff,git diff,PARTIALLY_CORRECT,0,1,1,4,0,0
git commit -m 'message',git status,WRONG_ORDER,0,1,1,17,1,1
git info,git status,WRONG_SUBCOMMAND,0,1,1,6,0,0
git merge feature --verbose,git merge feature,WRONG_FLAG,0,0,1,10,1,0
git shelve,git stash,WRONG_SUBCOMMAND,0,1,1,5,0,0
mkdir test,git status,UNKNOWN,0,1,1,9,0,0
cat hello.txt,git switch feature,UNKNOWN,0,0,1,15,0,-1
git merge feature --all,git merge feature,EXTRA_ARG,0,0,1,6,1,0
git diff,git diff,CORRECT,0,1,1,0,0,0
git switch feature,git init,WRONG_ORDER,0,0,0,12,0,1
gi_ status,git status,TYPO,0,1,1,1,0,0
git merge feature,git merge feature,WRONG_CONTEXT_STATE,1,1,0,0,0,0
git init .,git init,DEPRECATED_USAGE,0,0,0,2,0,1
"git commit -m ""Add hello.txt""","git commit -m ""Add hello.txt""",WRONG_CONTEXT_STATE,0,1,0,0,0,0
git log,git log --oneline,PARTIALLY_CORRECT,0,0,1,10,-1,0
gt merge fefature,git merge feature,TYPO,0,0,1,2,0,0
diff,git diff,PARTIALLY_CORRECT,0,1,1,4,0,0
git stash -v,git stash,EXTRA_ARG,0,1,1,3,1,0
git init .,git init,DEPRECATED_USAGE,0,0,0,2,0,1
git branch feature,git branch feature,SYNTAX_ERROR,0,0,1,0,0,0
git diff,git diff,WRONG_CONTEXT_STATE,1,0,0,0,0,0
git merge --no-ff feature,git merge feature,DEPRECATED_USAGE,0,0,1,8,1,0
git branch feature --force,git branch feature,EXTRA_ARG,0,0,1,8,1,0
git stash,git stash,SYNTAX_ERROR,0,1,1,0,0,0
git add hello.txt --dry-run,git add hello.txt,EXTRA_ARG,0,1,1,10,1,0
git create feature,git branch feature,WRONG_SUBCOMMAND,0,0,1,5,0,0
git add heldlo.vxt,git add hello.txt,TYPO,0,1,1,2,0,0
git diff,git diff,CORRECT,0,1,1,0,0,0
git show-log,git log --oneline,WRONG_SUBCOMMAND,0,0,1,11,-1,0
git branch -b feature,git branch feature,DEPRECATED_USAGE,0,0,1,3,1,0
git merge feature --dry-run,git merge feature,WRONG_FLAG,0,0,1,10,1,0
git branch feature --dry-run,git branch feature,EXTRA_ARG,0,0,1,10,1,0
git switch feature,git switch feature,WRONG_ORDER,0,0,1,0,0,0
git merge feature -v,git merge feature,EXTRA_ARG,0,0,1,3,1,0
git log,git log --oneline,PARTIALLY_CORRECT,0,0,1,10,-1,0
git switch feature,git switch feature,CORRECT,0,0,1,0,0,0
git push origin main,"git commit -m ""Add hello.txt""",WRONG_ORDER,1,0,1,23,-1,0
git branch -m feature,git merge feature,PARTIALLY_CORRECT,0,0,1,9,1,0
git branch,git branch feature,MISSING_ARG,0,0,1,8,0,-1
git go feature,git switch feature,WRONG_SUBCOMMAND,0,0,1,6,0,0
git show,git status,WRONG_SUBCOMMAND,0,1,1,5,0,0
git push origin main,git switch feature,WRONG_ORDER,0,0,1,15,0,1
git,git status,MISSING_ARG,0,1,1,7,0,0
git add helox.txt,git add hello.txt,TYPO,0,1,1,2,0,0
git add hello.txyt,git add hello.txt,TYPO,0,1,1,1,0,0
cd ..,git merge feature,UNKNOWN,0,0,1,16,0,-1
git commit -m 'message',"git commit -m ""Add hello.txt""",WRONG_ORDER,1,0,1,14,0,-1
pwd,git diff,UNKNOWN,0,1,1,7,0,0
mkdir test,git diff,UNKNOWN,0,1,1,8,0,0
gi staus,git status,TYPO,0,1,1,2,0,0
git,git stash,MISSING_ARG,0,1,1,6,0,0
"git commit -m ""Add hello.txt""","git commit -m ""Add hello.txt""",CORRECT,1,0,1,0,0,0
git branch feature,git branch feature,WRONG_CONTEXT_STATE,1,1,0,0,0,0
git log,git log --oneline,PARTIALLY_CORRECT,0,0,1,10,-1,0
git switch feature,git diff,WRONG_ORDER,0,1,1,12,0,1
gitdiff,git diff,SYNTAX_ERROR,0,1,1,1,0,0
git switch,git switch feature,PARTIALLY_CORRECT,0,0,1,8,0,-1
$ git log --oneline,git log --oneline,SYNTAX_ERROR,0,0,1,2,0,1
pwd,git diff,UNKNOWN,0,1,1,7,0,0
git status,git status,WRONG_CONTEXT_STATE,1,0,0,0,0,0
pwd,git add hello.txt,UNKNOWN,0,1,1,16,0,-1
git switch feature,git switch feature,WRONG_CONTEXT_STATE,1,1,0,0,0,0
gir status,git status,TYPO,0,1,1,1,0,0
git log --oneline,git log --oneline,WRONG_CONTEXT_STATE,1,1,0,0,0,0
git push origin main,git init,WRONG_ORDER,0,0,0,13,0,2
git add,git add hello.txt,MISSING_ARG,0,1,1,10,0,-1
git log --pretty=oneline,git log --oneline,DEPRECATED_USAGE,0,0,1,7,0,0
"git commit -m ""Add hello.txt""","git commit -m ""Add hello.txt""",WRONG_CONTEXT_STATE,0,1,0,0,0,0
git log --oneline extra_file.txt,git log --oneline,EXTRA_ARG,0,0,1,15,0,1
git sta,git stash,PARTIALLY_CORRECT,0,1,1,2,0,0
gitt ignit,git init,TYPO,0,0,0,2,0,0
git push origin main,git merge feature,WRONG_ORDER,0,0,1,15,0,1
git branch feature,git branch feature,CORRECT,0,0,1,0,0,0
git merge feature,git merge feature,SYNTAX_ERROR,0,0,1,0,0,0
pwd,git add hello.txt,UNKNOWN,0,1,1,16,0,-1
"git commit -w ""Add hello.txt""","git commit -m ""Add hello.txt""",WRONG_FLAG,1,0,1,1,0,0
git commit -m 'message',git add hello.txt,WRONG_ORDER,0,1,1,18,1,0
git branch feature --verbose,git branch feature,EXTRA_ARG,0,0,1,10,1,0
git switch feature --verbose,git switch feature,EXTRA_ARG,0,0,1,10,1,0
git add,git add hello.txt,MISSING_ARG,0,1,1,10,0,-1
"git --commit -m ""Add hello.txt""","git commit -m ""Add hello.txt""",SYNTAX_ERROR,1,0,1,2,1,0
git add hello.txt,git add hello.txt,WRONG_CONTEXT_STATE,1,0,0,0,0,0
git init,git init,CORRECT,0,0,0,0,0,0
git track hello.txt,git add hello.txt,WRONG_SUBCOMMAND,0,1,1,4,0,0
"gitu commit -m ""Add hello.txt""","git commit -m ""Add hello.txt""",TYPO,1,0,1,1,0,0
git stnasx,git stash,TYPO,0,1,1,2,0,0
git status extra_file.txt,git status,EXTRA_ARG,0,1,1,15,0,1
git status -s,git status,DEPRECATED_USAGE,0,1,1,3,1,0
cat hello.txt,git init,UNKNOWN,0,0,0,10,0,0
git log --oneline,git log --oneline,WRONG_CONTEXT_STATE,1,1,0,0,0,0
git commit -m,"git commit -m ""Add hello.txt""",PARTIALLY_CORRECT,1,0,1,16,0,-2
git,git init,PARTIALLY_CORRECT,0,0,0,5,0,0
gitstash,git stash,SYNTAX_ERROR,0,1,1,1,0,0
git merge feature,git merge feature,CORRECT,0,0,1,0,0,0
git switch feature -v,git switch feature,WRONG_FLAG,0,0,1,3,1,0
git diff,git diff,CORRECT,0,1,1,0,0,0
cat hello.txt,"git commit -m ""Add hello.txt""",UNKNOWN,1,0,1,17,-1,-2
$ git diff,git diff,SYNTAX_ERROR,0,1,1,2,0,1
git log -F,git log --oneline,WRONG_FLAG,0,0,1,8,0,0
git diff --verbose,git diff,EXTRA_ARG,0,1,1,10,1,0
$ git stash,git stash,SYNTAX_ERROR,0,1,1,2,0,1
git status,git status,SYNTAX_ERROR,0,1,1,0,0,0
status,git status,PARTIALLY_CORRECT,0,1,1,4,0,0
git branch feature -v,git branch feature,EXTRA_ARG,0,0,1,3,1,0
git log --oneline,git log --oneline,WRONG_CONTEXT_STATE,1,1,0,0,0,0
git merge feature,git merge feature,WRONG_CONTEXT_STATE,1,1,0,0,0,0
git add,git add hello.txt,PARTIALLY_CORRECT,0,1,1,10,0,-1
git branch=feature,git branch feature,SYNTAX_ERROR,0,0,1,1,0,-1
"git commit -m ""Add","git commit -m ""Add hello.txt""",MISSING_ARG,1,0,1,11,0,-1
git branch feature --dry-run,git branch feature,WRONG_FLAG,0,0,1,10,1,0
git ni,git init,TYPO,0,0,0,2,0,0
git status -s,git status,DEPRECATED_USAGE,0,1,1,3,1,0
git branch feature,git branch feature,CORRECT,0,0,1,0,0,0
git add hello.txt,git add hello.txt,WRONG_CONTEXT_STATE,1,0,0,0,0,0
git log,git log --oneline,MISSING_ARG,0,0,1,10,-1,0
git change feature,git switch feature,WRONG_SUBCOMMAND,0,0,1,6,0,0
git branrch meature,git branch feature,TYPO,0,0,1,2,0,0
git commit -m 'message',git stash,WRONG_ORDER,0,1,1,17,1,1
"git commit -w ""Add hello.txt""","git commit -m ""Add hello.txt""",WRONG_FLAG,1,0,1,1,0,0
git statzs,git status,TYPO,0,1,1,1,0,0
git branch,git branch feature,PARTIALLY_CORRECT,0,0,1,8,0,-1
status,git status,PARTIALLY_CORRECT,0,1,1,4,0,0
git commit -m 'message',git add hello.txt,WRONG_ORDER,0,1,1,18,1,0
git switch feature,git switch feature,WRONG_CONTEXT_STATE,1,1,0,0,0,0
git stash save,git stash,DEPRECATED_USAGE,0,1,1,5,0,1
git,git diff,MISSING_ARG,0,1,1,5,0,0
git,git status,MISSING_ARG,0,1,1,7,0,0
gitdiff,git diff,SYNTAX_ERROR,0,1,1,1,0,0
git checkout feature,git switch feature,DEPRECATED_USAGE,0,0,1,8,0,0
git shelve,git stash,WRONG_SUBCOMMAND,0,1,1,5,0,0
git merge,git merge feature,MISSING_ARG,0,0,1,8,0,-1
git log,git log --oneline,MISSING_ARG,0,0,1,10,-1,0
git change feature,git switch feature,WRONG_SUBCOMMAND,0,0,1,6,0,0
git add -u hello.txt,git add hello.txt,DEPRECATED_USAGE,0,1,1,3,1,0
"git commit -m ""Add","git commit -m ""Add hello.txt""",MISSING_ARG,1,0,1,11,0,-1
git status,git status,CORRECT,0,1,1,0,0,0
git merge,git merge feature,PARTIALLY_CORRECT,0,0,1,8,0,-1
cd ..,git stash,UNKNOWN,0,1,1,8,0,0
git,git stash,MISSING_ARG,0,1,1,6,0,0
git anit,git init,TYPO,0,0,0,1,0,0
git init extra_file.txt,git init,EXTRA_ARG,0,0,0,15,0,1
git diff,git diff,WRONG_CONTEXT_STATE,1,0,0,0,0,0
git add -u hello.txt,git add hello.txt,DEPRECATED_USAGE,0,1,1,3,1,0
git stash,git stash,CORRECT,0,1,1,0,0,0
git stash,git stash,WRONG_CONTEXT_STATE,1,0,0,0,0,0
git branch,git branch feature,MISSING_ARG,0,0,1,8,0,-1
git status -s,git status,DEPRECATED_USAGE,0,1,1,3,1,0
git checkout feature,git switch feature,DEPRECATED_USAGE,0,0,1,8,0,0
git --branch feature,git branch feature,SYNTAX_ERROR,0,0,1,2,1,0
git commit,"git commit -m ""Add hello.txt""",PARTIALLY_CORRECT,1,0,1,19,-1,-2
git stash save,git stash,DEPRECATED_USAGE,0,1,1,5,0,1
git init --dry-run,git init,EXTRA_ARG,0,0,0,10,1,0
pwd,git diff,UNKNOWN,0,1,1,7,0,0
gitstatus,git status,SYNTAX_ERROR,0,1,1,1,0,0
git diff --verbose,git diff,WRONG_FLAG,0,1,1,10,1,0
git commit -m 'message',git diff,WRONG_ORDER,0,1,1,18,1,1
git switch feature,git switch feature,CORRECT,0,0,1,0,0,0
git status,git status,SYNTAX_ERROR,0,1,1,0,0,0
pip install requests,git diff,UNKNOWN,0,1,1,17,0,1
diff,git diff,PARTIALLY_CORRECT,0,1,1,4,0,0
git init -v,git init,EXTRA_ARG,0,0,0,3,1,0
git,git diff,MISSING_ARG,0,1,1,5,0,0
git branch feature,git branch feature,CORRECT,0,0,1,0,0,0
git branch feature --dry-run,git branch feature,WRONG_FLAG,0,0,1,10,1,0
git sta,git stash,PARTIALLY_CORRECT,0,1,1,2,0,0
git add,git add hello.txt,MISSING_ARG,0,1,1,10,0,-1
git merge main,git merge feature,WRONG_ORDER,0,0,1,6,0,0
git log --oneline -v,git log --oneline,EXTRA_ARG,0,0,1,3,1,0
init,git init,PARTIALLY_CORRECT,0,0,0,4,0,0
git create feature,git branch feature,WRONG_SUBCOMMAND,0,0,1,5,0,0
diff,git diff,PARTIALLY_CORRECT,0,1,1,4,0,0
git init,git init,WRONG_CONTEXT_STATE,1,1,1,0,0,0
git log,git log --oneline,MISSING_ARG,0,0,1,10,-1,0
git add -u hello.txt,git add hello.txt,DEPRECATED_USAGE,0,1,1,3,1,0
"gitb com-it -m ""Add hello.txt""","git commit -m ""Add hello.txt""",TYPO,1,0,1,2,0,0
git sta,git stash,PARTIALLY_CORRECT,0,1,1,2,0,0
git branch feature --force,git branch feature,EXTRA_ARG,0,0,1,8,1,0
pwd,git status,UNKNOWN,0,1,1,10,0,0
git log --oneline --all,git log --oneline,EXTRA_ARG,0,0,1,6,1,0
git merge main,git switch feature,WRONG_ORDER,0,0,1,12,0,0
git switch feature,git switch feature,WRONG_ORDER,0,0,1,0,0,0
git diff,git diff,WRONG_CONTEXT_STATE,1,0,0,0,0,0
git merge main,git diff,WRONG_ORDER,0,1,1,10,0,1
git stinsh,git stash,TYPO,0,1,1,2,0,0
git log --oneline --verbose,git log --oneline,EXTRA_ARG,0,0,1,10,1,0
pwd,"git commit -m ""Add hello.txt""",UNKNOWN,1,0,1,28,-1,-2
pwd,git stash,UNKNOWN,0,1,1,9,0,0
git stash,git stash,CORRECT,0,1,1,0,0,0
git merge feature -v,git merge feature,EXTRA_ARG,0,0,1,3,1,0
git init,git init,CORRECT,0,0,0,0,0,0
git status --dry-run,git status,EXTRA_ARG,0,1,1,10,1,0
git branch feature,git branch feature,WRONG_CONTEXT_STATE,1,1,0,0,0,0
git push origin main,git log --oneline,WRONG_ORDER,0,0,1,13,-1,2
echo hello,git init,UNKNOWN,0,0,0,9,0,0
git push origin main,git switch feature,WRONG_ORDER,0,0,1,15,0,1
mkdir test,git log --oneline,UNKNOWN,0,0,1,15,-1,0
"git commit -w ""Add hello.txt""","git commit -m ""Add hello.txt""",WRONG_FLAG,1,0,1,1,0,0
git switch feature,git switch feature,CORRECT,0,0,1,0,0,0
cat hello.txt,git init,UNKNOWN,0,0,0,10,0,0
git init,git init,WRONG_CONTEXT_STATE,1,1,1,0,0,0
git add,git add hello.txt,MISSING_ARG,0,1,1,10,0,-1
git log -F,git log --oneline,WRONG_FLAG,0,0,1,8,0,0
git add hello.txt -f,git add hello.txt,WRONG_FLAG,0,1,1,3,1,0
git merge feature -v,git merge feature,WRONG_FLAG,0,0,1,3,1,0
git diff HEAD,git diff,DEPRECATED_USAGE,0,1,1,5,0,1
git log --oneline,git log --oneline,WRONG_CONTEXT_STATE,1,1,0,0,0,0
git new,git init,WRONG_SUBCOMMAND,0,0,0,3,0,0
git add hello.txt extra_file.txt,git add hello.txt,EXTRA_ARG,0,1,1,15,0,1
git add hello.txt --verbose,git add hello.txt,EXTRA_ARG,0,1,1,10,1,0
git merge feature,git merge feature,SYNTAX_ERROR,0,0,1,0,0,0
git branch feature --verbose,git branch feature,WRONG_FLAG,0,0,1,10,1,0
git log --oneline,git log --oneline,CORRECT,0,0,1,0,0,0
git status,git status,CORRECT,0,1,1,0,0,0
git status --force,git status,EXTRA_ARG,0,1,1,8,1,0
git switch feature,git add hello.txt,WRONG_ORDER,0,1,1,13,0,0
git log --pretty=oneline,git log --oneline,DEPRECATED_USAGE,0,0,1,7,0,0
git join feature,git merge feature,WRONG_SUBCOMMAND,0,0,1,5,0,0
git sta,git stash,PARTIALLY_CORRECT,0,1,1,2,0,0
git push origin main,git add hello.txt,WRONG_ORDER,0,1,1,15,0,1
git merge,git merge feature,MISSING_ARG,0,0,1,8,0,-1
git diff,git diff,CORRECT,0,1,1,0,0,0
cd ..,git status,UNKNOWN,0,1,1,9,0,0
git add hellro.txt,git add hello.txt,TYPO,0,1,1,1,0,0
gitswitchfeature,git switch feature,SYNTAX_ERROR,0,0,1,2,0,-1
git branch,git branch feature,MISSING_ARG,0,0,1,8,0,-1
git add hello.txt,git add hello.txt,WRONG_CONTEXT_STATE,1,0,0,0,0,0
git log --oneline --force,git log --oneline,EXTRA_ARG,0,0,1,8,1,0
git switch,git switch feature,MISSING_ARG,0,0,1,8,0,-1
git stash,git stash,CORRECT,0,1,1,0,0,0
"git commit -m ""Add hello.txt"" --all","git commit -m ""Add hello.txt""",EXTRA_ARG,1,0,1,6,1,0
git init .,git init,DEPRECATED_USAGE,0,0,0,2,0,1
ls -la,git log --oneline,UNKNOWN,0,0,1,13,0,0
git,git stash,MISSING_ARG,0,1,1,6,0,0
git init --all,git init,EXTRA_ARG,0,0,0,6,1,0
git add -u hello.txt,git add hello.txt,DEPRECATED_USAGE,0,1,1,3,1,0
git check,git status,WRONG_SUBCOMMAND,0,1,1,6,0,0
git branch,git branch feature,PARTIALLY_CORRECT,0,0,1,8,0,-1
git branch feature,git branch feature,WRONG_CONTEXT_STATE,1,1,0,0,0,0
"git commit -m ""Add hello.txt"" --all","git commit -m ""Add hello.txt""",EXTRA_ARG,1,0,1,6,1,0
python script.py,git branch feature,UNKNOWN,0,0,1,15,0,-1
git commit,"git commit -m ""Add hello.txt""",PARTIALLY_CORRECT,1,0,1,19,-1,-2
git diff,git diff,SYNTAX_ERROR,0,1,1,0,0,0
git stash save,git stash,DEPRECATED_USAGE,0,1,1,5,0,1
git merge,git merge feature,MISSING_ARG,0,0,1,8,0,-1
git merge main,git log --oneline,WRONG_ORDER,0,0,1,11,-1,1
git switch feature,git merge feature,WRONG_ORDER,0,0,1,6,0,0
git status -v,git status,WRONG_FLAG,0,1,1,3,1,0
git add -u hello.txt,git add hello.txt,DEPRECATED_USAGE,0,1,1,3,1,0
git add=hello.txt,git add hello.txt,SYNTAX_ERROR,0,1,1,1,0,-1
git branch feature,git branch feature,CORRECT,0,0,1,0,0,0
git branch -b feature,git branch feature,DEPRECATED_USAGE,0,0,1,3,1,0
git sth,git stash,TYPO,0,1,1,2,0,0
git stash save,git stash,DEPRECATED_USAGE,0,1,1,5,0,1
git pull feature,git merge feature,WRONG_SUBCOMMAND,0,0,1,5,0,0
"git commit -m ""Add hello.txt"" --verbose","git commit -m ""Add hello.txt""",EXTRA_ARG,1,0,1,10,1,0
git switch feature,git switch feature,SYNTAX_ERROR,0,0,1,0,0,0
"git commit -m ""dd hello.txt""","git commit -m ""Add hello.txt""",TYPO,1,0,1,1,0,0
git checkout feature,git switch feature,DEPRECATED_USAGE,0,0,1,8,0,0
git,git stash,MISSING_ARG,0,1,1,6,0,0
gitgit log --oneline,git log --oneline,SYNTAX_ERROR,0,0,1,3,0,0
git stash --force,git stash,EXTRA_ARG,0,1,1,8,1,0
git log,git log --oneline,PARTIALLY_CORRECT,0,0,1,10,-1,0
git add -u hello.txt,git add hello.txt,DEPRECATED_USAGE,0,1,1,3,1,0
git branch feature,git branch feature,WRONG_CONTEXT_STATE,1,1,0,0,0,0
git add .txt,git add hello.txt,PARTIALLY_CORRECT,0,1,1,5,0,0
git stash -f,git stash,WRONG_FLAG,0,1,1,3,1,0
git add hello.txt --dry-run,git add hello.txt,WRONG_FLAG,0,1,1,10,1,0
git add,git add hello.txt,PARTIALLY_CORRECT,0,1,1,10,0,-1
git combine feature,git merge feature,WRONG_SUBCOMMAND,0,0,1,5,0,0
$ git add hello.txt,git add hello.txt,SYNTAX_ERROR,0,1,1,2,0,1
git add hello.txt extra_file.txt,git add hello.txt,EXTRA_ARG,0,1,1,15,0,1
status,git status,PARTIALLY_CORRECT,0,1,1,4,0,0
git switch feature,git switch feature,SYNTAX_ERROR,0,0,1,0,0,0
mkdir test,git merge feature,UNKNOWN,0,0,1,13,0,-1
git add hello.txt,git add hello.txt,WRONG_CONTEXT_STATE,1,0,0,0,0,0
git log --pretty=oneline,git log --oneline,DEPRECATED_USAGE,0,0,1,7,0,0
git branch,git branch feature,PARTIALLY_CORRECT,0,0,1,8,0,-1
git log,git log --oneline,MISSING_ARG,0,0,1,10,-1,0
git shelve,git stash,WRONG_SUBCOMMAND,0,1,1,5,0,0
git branch feature,git branch feature,CORRECT,0,0,1,0,0,0
git compare,git diff,WRONG_SUBCOMMAND,0,1,1,7,0,0
git branch feature,git branch feature,WRONG_CONTEXT_STATE,1,1,0,0,0,0
git switch feature,git log --oneline,WRONG_ORDER,0,0,1,12,-1,1
git save,"git commit -m ""Add hello.txt""",WRONG_SUBCOMMAND,1,0,1,24,-1,-2
git merge,git merge feature,MISSING_ARG,0,0,1,8,0,-1
pwd,git stash,UNKNOWN,0,1,1,9,0,0
git merge feature -v,git merge feature,WRONG_FLAG,0,0,1,3,1,0
diff,git diff,PARTIALLY_CORRECT,0,1,1,4,0,0
git change feature,git switch feature,WRONG_SUBCOMMAND,0,0,1,6,0,0
gitgit status,git status,SYNTAX_ERROR,0,1,1,3,0,0
git,git stash,MISSING_ARG,0,1,1,6,0,0
"git commit -m ""Add hello.txt""","git commit -m ""Add hello.txt""",CORRECT,1,0,1,0,0,0
"gitgit commit -m ""Add hello.txt""","git commit -m ""Add hello.txt""",SYNTAX_ERROR,1,0,1,3,0,0
geit merge feature,git merge feature,TYPO,0,0,1,1,0,0
git merge main,git switch feature,WRONG_ORDER,0,0,1,12,0,0
git commits,git log --oneline,WRONG_SUBCOMMAND,0,0,1,11,-1,0
"git commit -w ""Add hello.txt""","git commit -m ""Add hello.txt""",WRONG_FLAG,1,0,1,1,0,0
git combine feature,git merge feature,WRONG_SUBCOMMAND,0,0,1,5,0,0
git add hello.txt,git add hello.txt,CORRECT,0,1,1,0,0,0
git merge feature,git merge feature,CORRECT,0,0,1,0,0,0
git status --all,git status,EXTRA_ARG,0,1,1,6,1,0
git stash save,git stash,DEPRECATED_USAGE,0,1,1,5,0,1
git merge main,git init,WRONG_ORDER,0,0,0,9,0,1
git brancf feature,git branch feature,TYPO,0,0,1,1,0,0
git branch feature --dry-run,git branch feature,WRONG_FLAG,0,0,1,10,1,0
git,git diff,MISSING_ARG,0,1,1,5,0,0
git diff,git diff,WRONG_CONTEXT_STATE,1,0,0,0,0,0
git merge main,git switch feature,WRONG_ORDER,0,0,1,12,0,0
cat hello.txt,git diff,UNKNOWN,0,1,1,11,0,0
pip install requests,git merge feature,UNKNOWN,0,0,1,16,0,0
git branch feature,git branch feature,WRONG_CONTEXT_STATE,1,1,0,0,0,0
git branch feature,git switch feature,PARTIALLY_CORRECT,0,0,1,4,0,0
git switch feature,git switch feature,CORRECT,0,0,1,0,0,0
ls -la,git status,UNKNOWN,0,1,1,8,1,0
$ git log --oneline,git log --oneline,SYNTAX_ERROR,0,0,1,2,0,1
git switch feature,git switch feature,CORRECT,0,0,1,0,0,0
git stat,git status,WRONG_SUBCOMMAND,0,1,1,2,0,0
git switch featuwre,git switch feature,TYPO,0,0,1,1,0,0
"git commit -m ""Add hello.txt""","git commit -m ""Add hello.txt""",CORRECT,1,0,1,0,0,0
git switch,git switch feature,MISSING_ARG,0,0,1,8,0,-1
git init --dry-run,git init,WRONG_FLAG,0,0,0,10,1,0
status,git status,PARTIALLY_CORRECT,0,1,1,4,0,0
git status,git status,CORRECT,0,1,1,0,0,0
git log --pretty=oneline,git log --oneline,DEPRECATED_USAGE,0,0,1,7,0,0
git stash -v,git stash,WRONG_FLAG,0,1,1,3,1,0
git commit -m 'message',git merge feature,WRONG_ORDER,0,0,1,15,1,0
git,git init,MISSING_ARG,0,0,0,5,0,0
git add hello.txt --force,git add hello.txt,EXTRA_ARG,0,1,1,8,1,0
git switch feature,git log --oneline,WRONG_ORDER,0,0,1,12,-1,1
git diff,git diff,CORRECT,0,1,1,0,0,0
git stat,git status,WRONG_SUBCOMMAND,0,1,1,2,0,0
git commit -m Add hello.txt,"git commit -m ""Add hello.txt""",SYNTAX_ERROR,1,0,1,2,0,0
git diff --dry-run,git diff,WRONG_FLAG,0,1,1,10,1,0
git branch feature,git branch feature,WRONG_CONTEXT_STATE,1,1,0,0,0,0
git log --oneline,git log --oneline,CORRECT,0,0,1,0,0,0
git branch feature,git branch feature,CORRECT,0,0,1,0,0,0
git laog --oneline,git log --oneline,TYPO,0,0,1,1,0,0
git merge feauwe,git merge feature,TYPO,0,0,1,2,0,0
git push origin main,git status,WRONG_ORDER,0,1,1,15,0,2
git --switch feature,git switch feature,SYNTAX_ERROR,0,0,1,2,1,0
git stash,git stash,WRONG_CONTEXT_STATE,1,0,0,0,0,0
git init,git init,WRONG_CONTEXT_STATE,1,1,1,0,0,0
git branch feature,git branch feature,CORRECT,0,0,1,0,0,0
git add hello.txt -f,git add hello.txt,WRONG_FLAG,0,1,1,3,1,0
git commit -m 'message',git merge feature,WRONG_ORDER,0,0,1,15,1,0
git commit -m 'message',git merge feature,WRONG_ORDER,0,0,1,15,1,0
git branch feature,git branch feature,WRONG_CONTEXT_STATE,1,1,0,0,0,0
git shelve,git stash,WRONG_SUBCOMMAND,0,1,1,5,0,0
git push origin main,git branch feature,WRONG_ORDER,0,0,1,16,0,1
git log --oneline --force,git log --oneline,EXTRA_ARG,0,0,1,8,1,0
git save-work,git stash,WRONG_SUBCOMMAND,0,1,1,8,0,0
git merge main,git add hello.txt,WRONG_ORDER,0,1,1,12,0,0
git merge main,git switch feature,WRONG_ORDER,0,0,1,12,0,0
git merge --no-ff feature,git merge feature,DEPRECATED_USAGE,0,0,1,8,1,0
git,git init,MISSING_ARG,0,0,0,5,0,0
git lrg --oneline,git log --oneline,TYPO,0,0,1,1,0,0
git log=--oneline,git log --oneline,SYNTAX_ERROR,0,0,1,1,-1,0
git diff,git diff,WRONG_CONTEXT_STATE,1,0,0,0,0,0
git branch feature,git branch feature,CORRECT,0,0,1,0,0,0
git diff HEAD,git diff,DEPRECATED_USAGE,0,1,1,5,0,1
git branch -b feature,git branch feature,DEPRECATED_USAGE,0,0,1,3,1,0
"git commit -m ""Add hello.txt""","git commit -m ""Add hello.txt""",CORRECT,1,0,1,0,0,0
$ git merge feature,git merge feature,SYNTAX_ERROR,0,0,1,2,0,1
git switch feature,git switch feature,CORRECT,0,0,1,0,0,0
git stash,git stash,WRONG_CONTEXT_STATE,1,0,0,0,0,0
git status,git status,CORRECT,0,1,1,0,0,0
git log --oneline,git log --oneline,WRONG_CONTEXT_STATE,1,1,0,0,0,0
"git commit -w ""Add hello.txt""","git commit -m ""Add hello.txt""",WRONG_FLAG,1,0,1,1,0,0
git switch feature,"git commit -m ""Add hello.txt""",WRONG_ORDER,1,0,1,20,-1,-1
git lnijt,git init,TYPO,0,0,0,2,0,0
echo hello,git branch feature,UNKNOWN,0,0,1,15,0,-1
git commit -m 'message',git switch feature,WRONG_ORDER,0,0,1,14,1,0
cd ..,git add hello.txt,UNKNOWN,0,1,1,14,0,-1
git join feature,git merge feature,WRONG_SUBCOMMAND,0,0,1,5,0,0
git log,git log --oneline,PARTIALLY_CORRECT,0,0,1,10,-1,0
git sta,git stash,PARTIALLY_CORRECT,0,1,1,2,0,0
git merge feature -f,git merge feature,WRONG_FLAG,0,0,1,3,1,0
cd ..,git switch feature,UNKNOWN,0,0,1,16,0,-1
git diff,git diff,CORRECT,0,1,1,0,0,0
cd ..,git switch feature,UNKNOWN,0,0,1,16,0,-1
"git commit -m ""Add","git commit -m ""Add hello.txt""",MISSING_ARG,1,0,1,11,0,-1
git merge --no-ff feature,git merge feature,DEPRECATED_USAGE,0,0,1,8,1,0
ls -la,git add hello.txt,UNKNOWN,0,1,1,15,1,-1
git diff -v,git diff,WRONG_FLAG,0,1,1,3,1,0
git branch feature -f,git branch feature,WRONG_FLAG,0,0,1,3,1,0
git log --oneline,git log --oneline,CORRECT,0,0,1,0,0,0
git commit --message 'Add hello.txt',"git commit -m ""Add hello.txt""",DEPRECATED_USAGE,1,0,1,9,0,0
python script.py,git stash,UNKNOWN,0,1,1,12,0,0
"git commt -m ""Add hello.txt""","git commit -m ""Add hello.txt""",TYPO,1,0,1,1,0,0
echo hello,git merge feature,UNKNOWN,0,0,1,14,0,-1
git stash,git stash,CORRECT,0,1,1,0,0,0
"git commit -w ""Add hello.txt""","git commit -m ""Add hello.txt""",WRONG_FLAG,1,0,1,1,0,0
git status -v,git status,EXTRA_ARG,0,1,1,3,1,0
git merge feature,git merge feature,CORRECT,0,0,1,0,0,0
git diff,git diff,SYNTAX_ERROR,0,1,1,0,0,0
git branch -m feature,git merge feature,PARTIALLY_CORRECT,0,0,1,9,1,0
git stat,git status,WRONG_SUBCOMMAND,0,1,1,2,0,0
git move feature,git switch feature,WRONG_SUBCOMMAND,0,0,1,6,0,0
git merge feature,git merge feature,CORRECT,0,0,1,0,0,0
git switch feature,git switch feature,WRONG_ORDER,0,0,1,0,0,0
git branch,git branch feature,PARTIALLY_CORRECT,0,0,1,8,0,-1
"git commit -w ""Add hello.txt""","git commit -m ""Add hello.txt""",WRONG_FLAG,1,0,1,1,0,0
python script.py,git log --oneline,UNKNOWN,0,0,1,14,-1,0
git status -v,git status,EXTRA_ARG,0,1,1,3,1,0
git init extra_file.txt,git init,EXTRA_ARG,0,0,0,15,0,1
git initialize,git init,WRONG_SUBCOMMAND,0,0,0,6,0,0
git init --force,git init,EXTRA_ARG,0,0,0,8,1,0
git switch,git switch feature,PARTIALLY_CORRECT,0,0,1,8,0,-1
git commit,"git commit -m ""Add hello.txt""",PARTIALLY_CORRECT,1,0,1,19,-1,-2
ls -la,git switch feature,UNKNOWN,0,0,1,15,1,-1
git branch -m feature,git merge feature,PARTIALLY_CORRECT,0,0,1,9,1,0
ls -la,git status,UNKNOWN,0,1,1,8,1,0
git status extra_file.txt,git status,EXTRA_ARG,0,1,1,15,0,1
git branch feature --force,git branch feature,EXTRA_ARG,0,0,1,8,1,0
"git commit -m ""Add hello.txt""","git commit -m ""Add hello.txt""",WRONG_CONTEXT_STATE,0,1,0,0,0,0
gitostash,git stash,TYPO,0,1,1,1,0,0
git join feature,git merge feature,WRONG_SUBCOMMAND,0,0,1,5,0,0
"git commit -m ""Add","git commit -m ""Add hello.txt""",MISSING_ARG,1,0,1,11,0,-1
git commit -m 'message',git stash,WRONG_ORDER,0,1,1,17,1,1
git branch -b feature,git branch feature,DEPRECATED_USAGE,0,0,1,3,1,0
git switch feature,"git commit -m ""Add hello.txt""",WRONG_ORDER,1,0,1,20,-1,-1
git commit -m,"git commit -m ""Add hello.txt""",PARTIALLY_CORRECT,1,0,1,16,0,-2
pwd,git init,UNKNOWN,0,0,0,8,0,0
git stash,git stash,WRONG_CONTEXT_STATE,1,0,0,0,0,0
git,git status,MISSING_ARG,0,1,1,7,0,0
git sthtus,git status,TYPO,0,1,1,1,0,0
python script.py,git merge feature,UNKNOWN,0,0,1,15,0,-1
git sta,git stash,PARTIALLY_CORRECT,0,1,1,2,0,0
git log --oneline,git log --oneline,CORRECT,0,0,1,0,0,0
git merge main,git stash,WRONG_ORDER,0,1,1,9,0,1
git diff,git diff,CORRECT,0,1,1,0,0,0
git --add hello.txt,git add hello.txt,SYNTAX_ERROR,0,1,1,2,1,0
git merge feature -v,git merge feature,EXTRA_ARG,0,0,1,3,1,0
git create feature,git branch feature,WRONG_SUBCOMMAND,0,0,1,5,0,0
git switch feature --all,git switch feature,EXTRA_ARG,0,0,1,6,1,0
ls -la,git switch feature,UNKNOWN,0,0,1,15,1,-1
git commit --message 'Add hello.txt',"git commit -m ""Add hello.txt""",DEPRECATED_USAGE,1,0,1,9,0,0
gitgit init,git init,SYNTAX_ERROR,0,0,0,3,0,0
git add -u hello.txt,git add hello.txt,DEPRECATED_USAGE,0,1,1,3,1,0
git merge feature --verbose,git merge feature,EXTRA_ARG,0,0,1,10,1,0
"git commit -m ""Add hello.txt""","git commit -m ""Add hello.txt""",WRONG_CONTEXT_STATE,0,1,0,0,0,0
status,git status,PARTIALLY_CORRECT,0,1,1,4,0,0
git pull feature,git merge feature,WRONG_SUBCOMMAND,0,0,1,5,0,0
git merge feature,git merge feature,WRONG_CONTEXT_STATE,1,1,0,0,0,0
git setup,git init,WRONG_SUBCOMMAND,0,0,0,5,0,0
git branch -b feature,git branch feature,DEPRECATED_USAGE,0,0,1,3,1,0
init,git init,PARTIALLY_CORRECT,0,0,0,4,0,0
git branch feaure,git branch feature,TYPO,0,0,1,1,0,0
git branch,git branch feature,PARTIALLY_CORRECT,0,0,1,8,0,-1
gitbranch feauture,git branch feature,TYPO,0,0,1,2,0,-1
git merge meature,git merge feature,TYPO,0,0,1,1,0,0
git commit -m 'message',git add hello.txt,WRONG_ORDER,0,1,1,18,1,0
git diff --force,git diff,EXTRA_ARG,0,1,1,8,1,0
git add hello.xtxt,git add hello.txt,TYPO,0,1,1,1,0,0
git onit,git init,TYPO,0,0,0,1,0,0
git merge feature,git merge feature,WRONG_CONTEXT_STATE,1,1,0,0,0,0
git stash -v,git stash,WRONG_FLAG,0,1,1,3,1,0
git push origin main,git stash,WRONG_ORDER,0,1,1,14,0,2
git pull feature,git merge feature,WRONG_SUBCOMMAND,0,0,1,5,0,0
git sta,git stash,PARTIALLY_CORRECT,0,1,1,2,0,0
mkdir test,git init,UNKNOWN,0,0,0,7,0,0
git log,git log --oneline,PARTIALLY_CORRECT,0,0,1,10,-1,0
git switch feature --verbose,git switch feature,WRONG_FLAG,0,0,1,10,1,0
git switch=feature,git switch feature,SYNTAX_ERROR,0,0,1,1,0,-1
ls -la,git diff,UNKNOWN,0,1,1,7,1,0
git --branch feature,git branch feature,SYNTAX_ERROR,0,0,1,2,1,0
git status -s,git status,DEPRECATED_USAGE,0,1,1,3,1,0
git setup,git init,WRONG_SUBCOMMAND,0,0,0,5,0,0
gitstash,git stash,SYNTAX_ERROR,0,1,1,1,0,0
git log --oneline,git log --oneline,CORRECT,0,0,1,0,0,0
git --stash,git stash,SYNTAX_ERROR,0,1,1,2,1,0
git ktapsh,git stash,TYPO,0,1,1,2,0,0
gitgit stash,git stash,SYNTAX_ERROR,0,1,1,3,0,0
"gt commit -m ""Add hello.txt""","git commit -m ""Add hello.txt""",TYPO,1,0,1,1,0,0
"gitgit commit -m ""Add hello.txt""","git commit -m ""Add hello.txt""",SYNTAX_ERROR,1,0,1,3,0,0
git log -oneline,git log --oneline,TYPO,0,0,1,1,0,0
git log --oneline --dry-run,git log --oneline,EXTRA_ARG,0,0,1,10,1,0
"gitn commit -ms ""Add hello.txt""","git commit -m ""Add hello.txt""",TYPO,1,0,1,2,0,0
git branch feature,git switch feature,PARTIALLY_CORRECT,0,0,1,4,0,0
g diff,git diff,TYPO,0,1,1,2,0,0
git create feature,git branch feature,WRONG_SUBCOMMAND,0,0,1,5,0,0
git commit -m 'message',git merge feature,WRONG_ORDER,0,0,1,15,1,0
pip install requests,git init,UNKNOWN,0,0,0,15,0,1
status,git status,PARTIALLY_CORRECT,0,1,1,4,0,0
$ git add hello.txt,git add hello.txt,SYNTAX_ERROR,0,1,1,2,0,1
git switch,git switch feature,PARTIALLY_CORRECT,0,0,1,8,0,-1
git diff HEAD,git diff,DEPRECATED_USAGE,0,1,1,5,0,1
git merge feature -v,git merge feature,WRONG_FLAG,0,0,1,3,1,0
git add hello.txt --all,git add hello.txt,EXTRA_ARG,0,1,1,6,1,0
gito stkash,git stash,TYPO,0,1,1,2,0,0
gitswitchfeature,git switch feature,SYNTAX_ERROR,0,0,1,2,0,-1
git log -F,git log --oneline,WRONG_FLAG,0,0,1,8,0,0
git add hello.txt,git add hello.txt,CORRECT,0,1,1,0,0,0
git branch feature -v,git branch feature,WRONG_FLAG,0,0,1,3,1,0
git add hello.txt,git add hello.txt,WRONG_CONTEXT_STATE,1,0,0,0,0,0
git branch -b feature,git branch feature,DEPRECATED_USAGE,0,0,1,3,1,0
git log --oneline,git log --oneline,SYNTAX_ERROR,0,0,1,0,0,0
git log -F,git log --oneline,WRONG_FLAG,0,0,1,8,0,0
git log -m-oveline,git log --oneline,TYPO,0,0,1,2,0,0
git add -u hello.txt,git add hello.txt,DEPRECATED_USAGE,0,1,1,3,1,0
git push origin main,git log --oneline,WRONG_ORDER,0,0,1,13,-1,2
echo hello,"git commit -m ""Add hello.txt""",UNKNOWN,1,0,1,22,-1,-2
git stash,git stash,CORRECT,0,1,1,0,0,0
git shelve,git stash,WRONG_SUBCOMMAND,0,1,1,5,0,0
git dciff,git diff,TYPO,0,1,1,1,0,0
git diff,git diff,WRONG_CONTEXT_STATE,1,0,0,0,0,0
"git commit -m ""Add hello.txt""","git commit -m ""Add hello.txt""",CORRECT,1,0,1,0,0,0
git status --verbose,git status,WRONG_FLAG,0,1,1,10,1,0
git show,git status,WRONG_SUBCOMMAND,0,1,1,5,0,0
diff,git diff,PARTIALLY_CORRECT,0,1,1,4,0,0
git merge --no-ff feature,git merge feature,DEPRECATED_USAGE,0,0,1,8,1,0
pwd,git branch feature,UNKNOWN,0,0,1,18,0,-1
git checkout feature,git switch feature,DEPRECATED_USAGE,0,0,1,8,0,0
git hide,git stash,WRONG_SUBCOMMAND,0,1,1,5,0,0
git merge,git merge feature,PARTIALLY_CORRECT,0,0,1,8,0,-1
git switch feature,git merge feature,WRONG_ORDER,0,0,1,6,0,0
git --stash,git stash,SYNTAX_ERROR,0,1,1,2,1,0
git switch feature,git init,WRONG_ORDER,0,0,0,12,0,1
gkimt diff,git diff,TYPO,0,1,1,2,0,0
git sywitch feature,git switch feature,TYPO,0,0,1,1,0,0
git merge feaure,git merge feature,TYPO,0,0,1,1,0,0
init,git init,PARTIALLY_CORRECT,0,0,0,4,0,0
git commit -m 'message',git status,WRONG_ORDER,0,1,1,17,1,1
git init,git init,WRONG_CONTEXT_STATE,1,1,1,0,0,0
git init .,git init,DEPRECATED_USAGE,0,0,0,2,0,1
git commit -m 'message',git log --oneline,WRONG_ORDER,0,0,1,14,0,1
"git commit -m ""Add hello.txt"" --all","git commit -m ""Add hello.txt""",EXTRA_ARG,1,0,1,6,1,0
"git commit -m ""Add hello.txt""","git commit -m ""Add hello.txt""",CORRECT,1,0,1,0,0,0
"git commit -m ""Add","git commit -m ""Add hello.txt""",MISSING_ARG,1,0,1,11,0,-1
git stash save,git stash,DEPRECATED_USAGE,0,1,1,5,0,1
git status -s,git status,DEPRECATED_USAGE,0,1,1,3,1,0
git merge,git merge feature,PARTIALLY_CORRECT,0,0,1,8,0,-1
git track hello.txt,git add hello.txt,WRONG_SUBCOMMAND,0,1,1,4,0,0
git merge feature --all,git merge feature,EXTRA_ARG,0,0,1,6,1,0
git commit --message 'Add hello.txt',"git commit -m ""Add hello.txt""",DEPRECATED_USAGE,1,0,1,9,0,0
git switch,git switch feature,PARTIALLY_CORRECT,0,0,1,8,0,-1
git status,git status,WRONG_CONTEXT_STATE,1,0,0,0,0,0
git merge feature,git merge feature,WRONG_CONTEXT_STATE,1,1,0,0,0,0
$ git log --oneline,git log --oneline,SYNTAX_ERROR,0,0,1,2,0,1
git switch feature --force,git switch feature,EXTRA_ARG,0,0,1,8,1,0
git log,git log --oneline,MISSING_ARG,0,0,1,10,-1,0
"git ommit -m ""Add hello.txt","git commit -m ""Add hello.txt""",TYPO,1,0,1,2,0,0
"git commit -w ""Add hello.txt""","git commit -m ""Add hello.txt""",WRONG_FLAG,1,0,1,1,0,0
echo hello,git merge feature,UNKNOWN,0,0,1,14,0,-1
npm install,git add hello.txt,UNKNOWN,0,1,1,14,0,-1
git include hello.txt,git add hello.txt,WRONG_SUBCOMMAND,0,1,1,6,0,0
git status,git status,CORRECT,0,1,1,0,0,0
git stash save,git stash,DEPRECATED_USAGE,0,1,1,5,0,1
git compare,git diff,WRONG_SUBCOMMAND,0,1,1,7,0,0
git add hello.txt,git add hello.txt,WRONG_CONTEXT_STATE,1,0,0,0,0,0
